base_requirement_id,state_code,state_name,board_type,provider_type,substantial_cme_required,cme_equivalent_accepted,total_hours_required,renewal_period_months,hours_per_year_equivalent,min_category1_hours,category1_percentage,max_category2_hours,rollover_allowed,max_rollover_hours,accreditation_required,base_effective_date,base_last_updated,base_statute_citation,board_guidance_url,base_notes,board_name,board_abbreviation,board_website_url,board_cme_guidance_url,board_contact_email,board_phone,board_last_verified,content_specific_count,content_topics,content_requirements_summary,exemptions_count,exemption_types,exemptions_summary,special_population_count,special_population_topics,special_population_summary,base_created_at,base_updated_at
8bf24a91-04df-4f5b-b74f-d776df2a0a49,AL,Alabama,MEDICAL,BOTH,True,True,25,12,25.0,25,100.0,,False,,AMA PRA Category 1,2018-01-01,2025-10-01,Ala. Admin. Code r. 540-x-14.02,,"All hours must be AMA PRA Category 1. No rollover of credits allowed. Professional boundaries course required for new licensees (1 hour within 12 months) and one-time requirement for existing licensees by December 31, 2025.",,,,,,,,2,OPIOID_PRESCRIBING; PROFESSIONAL_BOUNDARIES,OPIOID_PRESCRIBING (Controlled substance prescribing practices): 2.00 hrs - PER_YEAR - CONDITIONAL: Applies to all Alabama Controlled Substance Certificate holders | PROFESSIONAL_BOUNDARIES (Board-designated professional boundaries): 1.00 hrs - ONE_TIME,1,BOARD_CERTIFICATION,BOARD_CERTIFICATION - FULL EXEMPTION (ABMS),0,,,2025-11-19T01:49:35.355920,2025-11-19T01:49:35.355922
0ac7f492-35e6-4cb2-96b5-0fd40d9df140,AK,Alaska,COMBINED,BOTH,True,True,50,24,25.0,50,100.0,,True,25,"AMA Category 1, AOA Category 1 or 2",,2025-10-01,"Alaska Admin. Code tit. 12, § 40.200",,May not be exempted from more than 15 hours in 5-year period. Up to 25 hours may be carried forward to next licensing period.,,,,,,,,1,PAIN_MANAGEMENT,PAIN_MANAGEMENT (Pain management and opioid use and addiction): 2.00 hrs - PER_RENEWAL - CONDITIONAL: For each licensee who holds a DEA number,1,BOARD_CERTIFICATION,BOARD_CERTIFICATION - FULL EXEMPTION (AMA or AOA recognized boards),0,,,2025-11-19T01:49:35.355925,2025-11-19T01:49:35.355925
f07ab946-fd0c-42da-b5ec-6ab3522edf23,AZ-O,Arizona,OSTEOPATHIC,DO,True,False,40,24,20.0,24,60.0,16,False,,AOA Category 1-A minimum 24 hrs; AMA Category 1 max 16 hrs,2018-04-01,2025-10-01,Ariz. Admin. Code R4-22-207,,24 hours must be AOA Category 1-A; no more than 16 hours AMA Category 1. No rollover.,,,,,,,,1,OPIOID_PRESCRIBING,OPIOID_PRESCRIBING (Opioid prescribing OR pain management/addiction): 3.00 hrs - PER_RENEWAL,0,,,0,,,2025-11-19T01:49:35.355935,2025-11-19T01:49:35.355936
f8f71e47-136d-4dde-a4bf-099ed4f8e4fc,AZ-M,Arizona,MEDICAL,MD,True,False,40,24,20.0,40,100.0,,False,,Board approved,2018-04-01,2025-10-01,Ariz. Admin. Code R4-16-102,,Board does not allow rollover credits. All 40 hours must be board-approved CME.,,,,,,,,1,OPIOID_PRESCRIBING,OPIOID_PRESCRIBING (Opioid prescribing OR pain management/addiction): 3.00 hrs - PER_RENEWAL,0,,,0,,,2025-11-19T01:49:35.355929,2025-11-19T01:49:35.355930
57aac967-eec0-4916-83d3-23402542c659,AR,Arkansas,MEDICAL,BOTH,True,False,20,12,20.0,10,50.0,,False,,Category 1 for 50% of hours,,2025-10-01,AR Admin Rules 060.00.18-001,,50 percent must be in subjects pertaining to physician's primary area of practice and designated as Category 1. One-time requirement of 3 hours in prescribing education within first 2 years of licensure.,,,,,,,,1,OPIOID_PRESCRIBING,OPIOID_PRESCRIBING (Prescribing opioids and/or benzodiazepines): 1.00 hrs - PER_YEAR,0,,,0,,,2025-11-19T01:49:35.355938,2025-11-19T01:49:35.355938
6c5a85a9-0d33-4dd3-9827-0c09b171f165,CA-O,California,OSTEOPATHIC,DO,True,False,50,24,25.0,20,40.0,,False,,AOA Category 1A or 1B: 20 hours minimum,2024-01-01,2025-10-01,Cal. Bus. & Prof. Code § 2111,,At least 20 hours must be AOA Category 1A or 1B. Does not accept CME equivalents.,,,,,,,,1,PAIN_MANAGEMENT,PAIN_MANAGEMENT (Pain management and treatment of terminally ill patients): 12.00 hrs - ONE_TIME - CONDITIONAL: Does not apply to pathologists and radiologists,0,,,1,Geriatric medicine,Geriatric medicine - Over 25 percent of patient population at least 65 years of age: 20.00% of total,2025-11-19T01:49:35.355942,2025-11-19T01:49:35.355942
7285aae8-1c4b-4036-bae2-8def51b93159,CA-M,California,MEDICAL,MD,True,True,50,24,25.0,50,100.0,,False,,Category 1 approved,,2025-10-01,"Cal. Code Reg. tit. 16, § 1336",,If initial license <13 months only 25 hours required. Pain management requirement is one-time only. Board certification = 100 hours credit for 4 consecutive years.,,,,,,,,1,PAIN_MANAGEMENT,PAIN_MANAGEMENT (Pain management and treatment of terminally ill patients): 12.00 hrs - ONE_TIME - CONDITIONAL: Does not apply to pathologists and radiologists,1,BOARD_CERTIFICATION,BOARD_CERTIFICATION - 100 hrs credit (ABMS recognized specialty boards),1,Geriatric medicine,Geriatric medicine - Over 25 percent of patient population at least 65 years of age: 20.00% of total,2025-11-19T01:49:35.355940,2025-11-19T01:49:35.355941
375bb70f-e93d-40be-8bc0-16711bb2b9dd,CO,Colorado,COMBINED,BOTH,True,False,30,24,15.0,30,100.0,,False,,"AMA Category 1, AAFP prescribed credit, ACOG, or national board certification programs",2026-01-01,2025-10-01,HB 1153 (2024),,"Effective January 1, 2026. Board authorized to audit up to 5% of physician renewals annually.",,,,,,,,1,OPIOID_PRESCRIBING,"OPIOID_PRESCRIBING (Best practices, substance use disorders, treatment referral, PDMP): 2.00 hrs - PER_RENEWAL - CONDITIONAL: Exempted if maintain national board cert requiring equivalent training or attest no opioid prescribing",0,,,0,,,2025-11-19T01:49:35.355945,2025-11-19T01:49:35.355945
5764e94d-f718-4681-8339-f7e54aaf8f3d,CT,Connecticut,COMBINED,BOTH,True,False,50,24,25.0,,,,False,,"ACCME, AOA, AAFP or state medical society recognized by ACCME",,2025-10-01,Conn. Gen. Stat. § 20-10(b),,"In first renewal period and once every 6 years: 1 hour each in infectious diseases, cultural competency, risk management, sexual assault/domestic violence, cognitive issues, and behavioral health. Commissioner may grant waiver for up to 10 hours for board service.",,,,,,,,0,,,0,,,0,,,2025-11-19T01:49:35.355950,2025-11-19T01:49:35.355950
9064d3c4-e0da-4e9f-878d-03c05e5885a5,DE,Delaware,COMBINED,BOTH,True,False,40,24,20.0,40,100.0,,False,,AMA or AOA Category 1,,2025-10-01,24 Del. Admin. Code 1700-12.0,,All 40 hours must be AMA or AOA Category 1. Starting 2017 renewals: 2 hours biennially in controlled substance prescribing.,,,,,,,,0,,,0,,,0,,,2025-11-19T01:49:35.355954,2025-11-19T01:49:35.355955
ccc738cf-2ffb-4545-96cb-459752e5be37,DC,District of Columbia,COMBINED,BOTH,True,False,50,24,25.0,50,100.0,,False,,Category 1,2021-01-01,2025-10-01,"D.C. Mun. Regs. tit.17, § 4607.4",,"10% of total must be in DOH-identified public health priorities. As part of 2018 renewal: 3 hrs HIV/AIDS, 2 hrs LGBTQ cultural competency, 1 hr pharmacology.",,,,,,,,0,,,0,,,0,,,2025-11-19T01:49:35.355957,2025-11-19T01:49:35.355957
eed04e0d-a23b-48a3-9817-6c429a89113b,FL-O,Florida,OSTEOPATHIC,DO,True,False,40,24,20.0,20,,,False,,20 hours AOA Category 1-A; AMA Category 1 or AOA for remainder,,2025-10-01,Fla. Admin. Code. Ann. r. 64B15-13.001,,"5 hours: 1 hr risk management, 1 hr FL laws/rules, 1 hr controlled substances, 2 hrs medical errors. 1 hr HIV/AIDS (first renewal). 2 hrs domestic violence (every 3rd renewal). 20 hrs AOA Category 1-A.",,,,,,,,0,,,0,,,0,,,2025-11-19T01:49:35.355960,2025-11-19T01:49:35.355961
cf554851-7c0e-49b5-a3d8-1ac94413d648,FL-M,Florida,MEDICAL,MD,True,False,40,24,20.0,,,,False,,AMA Category 1 or 2,,2025-10-01,Fla. Admin. Code. Ann. r. 64B8-13.005; 64B8-9.0131,,38 hours general CME + 1 hr HIV/AIDS + 2 hrs medical errors + 2 hrs domestic violence (every 3rd renewal). DEA registrants: 2 hrs controlled substances per biennial renewal.,,,,,,,,0,,,0,,,0,,,2025-11-19T01:49:35.355959,2025-11-19T01:49:35.355959
d0466ea2-50d2-4078-85de-ce488362fc1b,GA,Georgia,COMBINED,BOTH,True,False,40,24,20.0,10,25.0,,False,,25% must be Category 1,2018-01-01,2025-10-01,Ga. Comp. R. & Regs. 360-15-.01,,"Effective 1/1/2018: DEA registrants prescribing controlled substances must complete 3 hrs Category 1 on responsible opioid prescribing before next renewal. One-time 2-hour sexual misconduct/professional boundaries course required (effective 1/1/2022). Board may waive 1 hr CME for every 4 hrs uncompensated healthcare, up to 8 hrs per biennium.",,,,,,,,0,,,0,,,0,,,2025-11-19T01:49:35.355962,2025-11-19T01:49:35.355962
f86cbf9a-0083-4077-9f3b-c8a3a65c0215,GU,Guam,COMBINED,BOTH,True,False,100,24,50.0,25,25.0,,False,,25% must be Category 1,,2025-10-01,25 GAR Prof. & Voc. Regs § 11101(g)(9),,100 hours every 2 years; 25% must be Category 1.,,,,,,,,0,,,0,,,0,,,2025-11-19T01:49:35.355964,2025-11-19T01:49:35.355964
2e963a04-9603-4cc7-82af-a6e2a2e47754,HI,Hawaii,COMBINED,BOTH,True,False,40,24,20.0,40,100.0,,False,,Category 1 or 1A,,2025-10-01,Haw. Admin. R. §16-85-33,,All 40 hours must be Category 1 or 1A.,,,,,,,,0,,,0,,,0,,,2025-11-19T01:49:35.355966,2025-11-19T01:49:35.355966
fdc5185f-df8d-482b-8640-352831605c93,ID,Idaho,COMBINED,BOTH,True,True,40,24,20.0,40,100.0,,False,,Category 1,,2025-10-01,Idaho Admin. Code r. 22.01.01-079.01,,"Board may accept ABMS, AOA, or RCPSC certification/recertification in lieu of CME during cycle in which certification granted.",,,,,,,,0,,,0,,,0,,,2025-11-19T01:49:35.355968,2025-11-19T01:49:35.355968
ec953b8d-7b5f-4a2a-9815-d60ec4378f90,IL,Illinois,COMBINED,BOTH,True,False,150,36,50.0,60,40.0,,False,,60 hours Category 1; remainder Category 2,,2025-10-01,"Ill. Admin. Code tit.68., § 1285.110",,"During each 3-year cycle: 1 hr sexual harassment prevention, 1 hr implicit bias. Every 6 years: 1 hr opioids, 1 hr cultural competency, 1 hr dementia. Beginning 7/1/2026: 1 hr implicit bias for maternal health providers; simulation training accepted.",,,,,,,,0,,,0,,,0,,,2025-11-19T01:49:35.355970,2025-11-19T01:49:35.355970
9a56821f-3301-4204-bbb3-1fa814c68acd,IN,Indiana,COMBINED,BOTH,False,False,,,,,,,False,,,,2025-10-01,IC § 35-48-3-3.5,,"Indiana does not have a set number of required CME hours. Beginning July 1, 2019: 2 hours addressing opioid prescribing and abuse.",,,,,,,,0,,,0,,,0,,,2025-11-19T01:49:35.355971,2025-11-19T01:49:35.355972
7a5d3f4a-848e-4269-8da2-f8d884c88a40,IA,Iowa,COMBINED,BOTH,True,True,40,24,20.0,,,,True,20,Category 1,,2025-10-01,Iowa Admin. Code r. 653-11.2(2),,"May include up to 20 hours carried over from previous period. Board accepts resident training, ABMS/AOA board cert/recert as equivalent to 50 hours Category 1. Primary care providers: 2 hrs child/adult abuse every 3 years. Opioid prescribers: 2 hrs CDC guidelines every 5 years. End-of-life providers: training every 5 years.",,,,,,,,0,,,0,,,0,,,2025-11-19T01:49:35.355973,2025-11-19T01:49:35.355973
3f033487-26b8-4f20-be02-f055552f368a,KS,Kansas,COMBINED,BOTH,True,False,100,24,50.0,40,40.0,,False,,"Minimum 40 Category 1, remainder Category 2",,2025-10-01,Kan. Admin. Regs. § 100-15-5,,"Flexible renewal periods: 50 hrs/18 months (20 Cat 1) OR 100 hrs/30 months (40 Cat 1) OR 150 hrs/42 months (60 Cat 1). Using 24-month approximation. Category 3 requirement: 1-3 hours (based on cycle) on pain management, opioid prescribing, or PDMP use.",,,,,,,,0,,,0,,,0,,,2025-11-19T01:49:35.355975,2025-11-19T01:49:35.355975
e0f064a6-f048-4a78-9192-4dd4e16ea142,KY,Kentucky,COMBINED,BOTH,True,False,60,36,20.0,30,50.0,,False,,30 hours Category 1; remainder Category 2,2015-01-01,2025-10-01,201 KAR 9:310,,"One-time domestic violence course for primary care physicians. Beginning 1/1/2015: 4.5 hrs per 3-year cycle on KASPER, pain management, or addiction disorders for controlled substance prescribers.",,,,,,,,0,,,0,,,0,,,2025-11-19T01:49:35.355977,2025-11-19T01:49:35.355977
1a05e47f-5f31-4618-b917-d50df4e1a7e1,LA,Louisiana,COMBINED,BOTH,True,False,20,12,20.0,20,100.0,,False,,Category 1,2018-01-01,2025-10-01,"La. Admin. Code tit. 46, pt. XLV, §§ 435",,"All must be Category 1. Effective 1/1/2018: CDS licensees complete one-time 3-hour course on drug diversion, best prescribing practices, addiction treatment. One-time board orientation course required. As of 6/20/2025: 1 hr/2 years on nutrition and metabolic health for FM, IM, Peds, OB/GYN.",,,,,,,,0,,,0,,,0,,,2025-11-19T01:49:35.355979,2025-11-19T01:49:35.355979
6daae32c-4d2c-4258-826b-a6273844f56f,ME-O,Maine,OSTEOPATHIC,DO,True,False,100,24,50.0,40,,,False,,40 hrs osteopathic medical education; primary care: all AOA Cat 1; specialists: AOA/ACGME/AMA Cat 1,,2025-10-01,02 ME Code Rules § 383-14-1,,"100 hrs every 2 years; 40 must be osteopathic. Primary care: all AOA Category 1. Specialists: AOA, ACGME, or AMA Category 1. Controlled substance prescribers: 3 hrs on opioid prescription every 2 years.",,,,,,,,0,,,0,,,0,,,2025-11-19T01:49:35.355982,2025-11-19T01:49:35.355982
867ad222-d4c1-424c-a04e-e4a8b874b357,ME-M,Maine,MEDICAL,MD,True,True,40,24,20.0,40,100.0,,False,,Category 1,,2025-10-01,Code Me. R § 373-1-11,,All Category 1. 3 hours on opioid prescription every 2 years. Category 1 may include 25 credit hours of ABMS specialty board cert/recert within 24 months preceding renewal.,,,,,,,,0,,,0,,,0,,,2025-11-19T01:49:35.355980,2025-11-19T01:49:35.355981
e00bd16c-ff41-46ba-a78e-23cb8306509c,MD,Maryland,COMBINED,BOTH,True,True,50,24,25.0,25,50.0,,False,,25 hours Category 1; remainder Category 2,2018-10-01,2025-10-01,COMAR 10.32.01.10,,"Effective 10/1/2018: when applying for CDS registration, attest to 2 hrs on prescribing/dispensing controlled substances. Effective 10/1/2021: complete implicit bias training first renewal after 4/1/2022. Time-limited board certification within 5 years of renewal = CME equivalent.",,,,,,,,0,,,0,,,0,,,2025-11-19T01:49:35.355984,2025-11-19T01:49:35.355984
fd657209-3270-460e-976b-f10f6d3ee2d8,MA,Massachusetts,COMBINED,BOTH,True,False,50,24,25.0,,,,False,,"ACCME, AOA, AAFP or state medical society recognized by ACCME or point of care",,2025-10-01,243 CMR 2.06,,2 cr end-of-life (one-time); 3 cr opioid/pain mgmt if prescriber; 10 cr risk management (Cat 1 or 2); 3 cr EHR; child abuse/neglect training; domestic/sexual violence training; 1 cr/hr journal reading or point-of-care. Alzheimer's training for adult populations (one-time). Beginning 6/1/2022: 2 cr implicit bias (applies to risk mgmt).,,,,,,,,0,,,0,,,0,,,2025-11-19T01:49:35.355986,2025-11-19T01:49:35.355986
3c0bb486-c063-4cc9-b7df-b058d1f0a9c6,MI-O,Michigan,OSTEOPATHIC,DO,True,False,150,36,50.0,60,40.0,,False,,60 hours Category 1; remainder Category 2,2017-12-06,2025-10-01,Public Health Code 338.7004,,"One-time human trafficking training; 1 hr medical ethics. Effective 12/6/2017: min 3 hrs pain/symptom management (1 hr controlled substances prescribing). Effective 6/1/2022: 2 hrs implicit bias (initial), 1 hr annually (renewal).",,,,,,,,0,,,0,,,0,,,2025-11-19T01:49:35.355989,2025-11-19T01:49:35.355990
0b0558cd-163a-406b-ad8f-a98bda4ef641,MI-M,Michigan,MEDICAL,MD,True,True,150,36,50.0,75,50.0,,False,,75 hours Category 1; remainder Category 2,2017-12-06,2025-10-01,Mich. Admin. Code r. 338.2441,,"1 hr medical ethics required. Effective 12/6/2017: min 3 hrs pain/symptom management. Effective 6/1/2022: 2 hrs implicit bias (initial), 1 hr annually (renewal). ABMS specialty board maintenance activity: max 30 Cat 1 hours.",,,,,,,,0,,,0,,,0,,,2025-11-19T01:49:35.355988,2025-11-19T01:49:35.355988
662466c6-f4a0-48c9-9b6e-350aa122fd24,MN,Minnesota,COMBINED,BOTH,True,True,75,36,25.0,75,100.0,,False,,Category 1,,2025-10-01,"Minnesota Rules, part 5605.0100-.1200",,"All must be Category 1. Board may accept ABMS, AOA Bureau of Professional Education, or RCPSC cert/recert in lieu of CME during cycle in which certification granted.",,,,,,,,0,,,0,,,0,,,2025-11-19T01:49:35.355991,2025-11-19T01:49:35.355992
68b420d6-0b1b-40b3-b57b-671f3bb0890e,MS,Mississippi,COMBINED,BOTH,True,False,40,24,20.0,40,100.0,,False,,Category 1,,2025-10-01,MS Rules Part 2610 Ch. 2,,All Category 1. DEA certificate holders: 5 hrs related to prescribing medications with emphasis on controlled substances.,,,,,,,,0,,,0,,,0,,,2025-11-19T01:49:35.355993,2025-11-19T01:49:35.355993
af7bd627-26ab-4bd9-910b-c3d909d2d63e,MO,Missouri,COMBINED,BOTH,True,True,50,24,25.0,,,,False,,AMA Category 1 or AOA Category 1A or 2A; OR 40 hrs Cat 1/1A with proof of post-testing,,2025-10-01,20 CSR 2150-2.125,,50 hrs AMA Cat 1 or AOA Cat 1A/2A; OR 40 hrs Cat 1/1A with post-testing. ABMS specialty board cert/recert during period = CME equivalent.,,,,,,,,0,,,0,,,0,,,2025-11-19T01:49:35.355995,2025-11-19T01:49:35.355995
8a02d922-1ffc-4d94-b68c-3b203fab98f3,MT,Montana,COMBINED,BOTH,False,False,,,,,,,False,,,,2025-10-01,,,Montana does not have a set number of required CME credit hours for physician license renewal.,,,,,,,,0,,,0,,,0,,,2025-11-19T01:49:35.355999,2025-11-19T01:49:35.355999
8060d7d3-099d-453c-abc7-4de5fdcca8f2,NE,Nebraska,COMBINED,BOTH,True,False,50,24,25.0,50,100.0,,True,25,Category 1,2018-10-01,2025-10-01,"Neb. Admin. R. & Regs. Tit. 172, Ch. 88, § 008",,All Category 1. May carry over up to 25 hrs to next period. In lieu of CME: AMA Physician's Recognition Award or AOA CME Certification within 24 months. Effective 10/1/2018: controlled substance prescribers complete 3 hrs biennially on opioid prescribing (0.5 hr on PDMPs).,,,,,,,,0,,,0,,,0,,,2025-11-19T01:49:35.356000,2025-11-19T01:49:35.356001
cbe3e2d2-88eb-447e-9dba-2d69b2b90d78,NV-O,Nevada,OSTEOPATHIC,DO,True,False,40,12,40.0,10,,,False,,10 hrs Category 1A; 2 hrs controlled substances/opioids/addiction,,2025-10-01,Nev. Rev. Stat. 633.471,,"AB 56 (2025) increased from 35 hrs/year. 10 hrs Cat 1A; 2 hrs misuse/abuse of controlled substances, opioid prescribing, or addiction. 2 hrs suicide detection every 4 years. 2 hrs ethics/pain mgmt/addiction or SBIRT; 2 hrs cultural competency/DEI if psychiatrist. MDs/PAs providing emergency services: 2 hrs HIV stigma/discrimination one-time.",,,,,,,,0,,,0,,,0,,,2025-11-19T01:49:35.356004,2025-11-19T01:49:35.356004
112229e8-e4cd-446c-b07e-5d95c508dc30,NV-M,Nevada,MEDICAL,MD,True,False,40,24,20.0,40,100.0,,False,,Category 1,,2025-10-01,NRS § 630.253,,"20 hrs in specialty scope; 2 hrs ethics/pain mgmt/addiction; 18 hrs other medical ed (includes 2 hrs controlled substances if prescriber, 2 hrs cultural competency/DEI if psychiatrist, 2 hrs suicide detection every 4 yrs, 2 hrs SBIRT one-time). Can receive up to 4 hrs double credit for geriatrics, medication management, rare diseases. AB 56 (2025) removed WMD/bioterrorism requirement.",,,,,,,,0,,,0,,,0,,,2025-11-19T01:49:35.356002,2025-11-19T01:49:35.356002
4cf4115d-6d74-462c-bc7e-ad892ff3cfcc,NH,New Hampshire,COMBINED,BOTH,True,True,100,24,50.0,40,,60,False,,40 hrs Category 1; max 60 hrs Category 2; 3 hrs pain management,,2025-10-01,N.H. Rev. Stat. § 329:16-g,,"100 hrs/2 years: 40 Cat I, max 60 Cat II, 3 hrs pain management. ABMS specialty board exam (initial or recert) = equivalent of 100 Cat I hours.",,,,,,,,0,,,0,,,0,,,2025-11-19T01:49:35.356007,2025-11-19T01:49:35.356007
9e03eeb2-99c2-48fe-9251-bc275fd29af7,NJ,New Jersey,COMBINED,BOTH,True,False,100,24,50.0,40,,60,False,,40 hrs Category 1; max 60 hrs Category 2; 6 hrs cultural competence,,2025-10-01,N.J. Admin. Code 13:35-6.25,,"100 hrs: 40 Cat I, 60 Cat II, 6 hrs cultural competence (additional for pre-3/2/2005 licensees). 2 hrs end-of-life care. For 2019+ renewals: 1 hr on opioids (responsible prescribing, alternatives, risks/signs of abuse/addiction/diversion). New licensees: attend orientation (no CME credit).",,,,,,,,0,,,0,,,0,,,2025-11-19T01:49:35.356009,2025-11-19T01:49:35.356009
c30916c1-607f-4bbc-a0bf-b2ec90f8d2de,NM,New Mexico,COMBINED,BOTH,True,True,75,36,25.0,75,100.0,,False,,Category 1,,2025-10-01,N.M. Admin. Code § 16.10.14.11,,"All Category 1. New licensees with DEA registration: 5 hrs pain management in first year. Board accepts AMA PRA Category 1, ABMS certificate, or ABMS specialty board cert/recert during renewal period as fulfillment.",,,,,,,,0,,,0,,,0,,,2025-11-19T01:49:35.356011,2025-11-19T01:49:35.356011
e4ce75a9-d31f-446a-8ba8-7a22e26b6786,NY,New York,COMBINED,BOTH,False,False,,,,,,,False,,,,2025-10-01,"N.Y. Comp. Codes, R. & Regs. tit. 8, §§ 59.12, 59.13",,"New York does not have set CME hours for renewal. Required: 2 hrs child abuse/maltreatment identification/reporting; infection control/barrier precautions every 4 years. DEA registrants (including residents): 3 hrs pain management, palliative care, and addiction.",,,,,,,,0,,,0,,,0,,,2025-11-19T01:49:35.356013,2025-11-19T01:49:35.356013
16c3a75c-d955-4af3-a5d6-497335e1cacb,NC,North Carolina,COMBINED,BOTH,True,True,60,36,20.0,60,100.0,,False,,Category 1 relevant to specialty or practice area,,2025-10-01,"N.C. Admin. Code tit. 21, r. 32R.0101",,"All Category 1 relevant to specialty/practice. Controlled substance prescribers: 3 hrs from required 60 on controlled substance prescribing practices, recognizing abuse/misuse, chronic pain management. Physicians engaged in ABMS, AOA, or RCPSC recert/MOC program = entire CME requirement satisfied.",,,,,,,,0,,,0,,,0,,,2025-11-19T01:49:35.356015,2025-11-19T01:49:35.356015
826ea07b-933b-489e-a12f-e7f69faf5c3e,ND,North Dakota,COMBINED,BOTH,True,True,40,24,20.0,40,100.0,,False,,Category 1,,2025-10-01,N.D. Admin. Code 50-04-01-02,,"All Category 1. Physicians with current ABMS, AOA, or RCPSC certification/MOC/recertification at time of CME audit are exempt.",,,,,,,,0,,,0,,,0,,,2025-11-19T01:49:35.356016,2025-11-19T01:49:35.356017
4f7e3426-e296-4205-87d2-a0406dee1bb0,MP,Northern Mariana Islands,COMBINED,BOTH,True,False,50,24,25.0,50,100.0,,False,,Category 1,,2025-10-01,Title 185-10-4215,,All 50 hours must be Category 1.,,,,,,,,0,,,0,,,0,,,2025-11-19T01:49:35.355997,2025-11-19T01:49:35.355997
aa000d0f-9c5c-4ecf-a9c0-187410a5f3ad,OH,Ohio,COMBINED,BOTH,True,False,50,24,25.0,50,100.0,,False,,Category 1,,2025-10-01,Ohio Admin. Code §§ 4731-10-02,,All Category 1. 1 hr on licensee's duty to report. Pain management clinic owner/operators: 20 hrs in pain medicine every 2 years (including ≥1 course on addiction potential).,,,,,,,,0,,,0,,,0,,,2025-11-19T01:49:35.356018,2025-11-19T01:49:35.356019
e3e34cb2-7692-4072-86ef-eaa5d7de3147,OK-O,Oklahoma,OSTEOPATHIC,DO,True,False,16,12,16.0,16,,,False,,AOA Category 1A or 1B,,2025-10-01,OK Admin Code 510:10-3-8,,16 hrs annually; all AOA Cat 1A or 1B. 1 hr annually on prescribing/dispensing/administering controlled substances. DOs without State Bureau of Narcotics and DEA authority for CDS are exempt from controlled substance CME.,,,,,,,,0,,,0,,,0,,,2025-11-19T01:49:35.356022,2025-11-19T01:49:35.356022
bb6f4736-ff68-4e18-8f89-c095690cab13,OK-M,Oklahoma,MEDICAL,MD,True,True,60,36,20.0,60,100.0,,False,,Category 1,,2025-10-01,59 O.S. § 495a.1,,"All Category 1. 1 hr pain management or opioid use/addiction each year preceding renewal (unless no DEA registration). Every 2 years: 1 hr training on responsibilities/rights of healthcare providers. Board accepts AMA PRA, ABMS specialty board cert/recert during 3-year period as verification.",,,,,,,,0,,,0,,,0,,,2025-11-19T01:49:35.356020,2025-11-19T01:49:35.356020
f9f3968f-e5a3-4243-bdd8-fbae63b20a9f,OR,Oregon,COMBINED,BOTH,True,True,60,24,30.0,60,100.0,,False,,AMA Category 1; AOA Category 1A or 2A,,2025-10-01,OAR 847-008-0075,,"60 hrs/2 years (or 30 if licensed in second year of biennium). All AMA Cat 1; AOA Cat 1A or 2A. All licensees (except Lapsed, Limited, Telemedicine, Teleradiology, Telemonitoring): 1-hr pain management course + min 6 hrs pain mgmt and/or terminally ill treatment. Cultural competency, suicide risk assessment, Alzheimer's education count toward mandatory CME. Demonstrate competency via CME OR ABMS/AOA-BOS recert/MOC participation.",,,,,,,,0,,,0,,,0,,,2025-11-19T01:49:35.356024,2025-11-19T01:49:35.356024
57c201d4-9abb-42d2-b59f-ae48b2e31184,PA-O,Pennsylvania,OSTEOPATHIC,DO,True,False,100,24,50.0,20,,,False,,20 hrs Category 1-A; 12 hrs patient safety/risk mgmt; 2 hrs child abuse; remainder Cat 1 or 2,,2025-10-01,"Pa. Code tit. 49, § 25.271",,"100 hrs: 20 Cat 1-A, 12 patient safety/risk mgmt (Cat 1 or 2), 2 child abuse recognition/reporting, remainder Cat 1 or 2. Within 12 months of initial licensure: 2 hrs pain mgmt or addiction identification + 2 hrs opioid prescribing. Subsequent renewals: 2 hrs pain mgmt, addiction identification, or prescribing.",,,,,,,,0,,,0,,,0,,,2025-11-19T01:49:35.356027,2025-11-19T01:49:35.356028
580569b1-ecea-43cd-88fa-7e61a425f529,PA-M,Pennsylvania,MEDICAL,MD,True,True,100,24,50.0,20,,,False,,20 hrs Category 1; 12 hrs patient safety/risk mgmt; 2 hrs child abuse; remainder Cat 1 or 2,,2025-10-01,"Pa. Code tit. 49, § 16.19",,"100 hrs: 20 Cat 1, 12 patient safety/risk mgmt, 2 child abuse recognition/reporting, remainder Cat 1 or 2. Within 12 months of initial licensure: 2 hrs pain mgmt or addiction identification + 2 hrs opioid prescribing. Subsequent renewals: 2 hrs pain mgmt, addiction identification, or prescribing. Acceptable Cat 1: AMA PRA, ACCME-accredited, medical professional society, ABMS specialty certification.",,,,,,,,0,,,0,,,0,,,2025-11-19T01:49:35.356026,2025-11-19T01:49:35.356026
a3e5fca2-f07f-4f1f-b6a0-6823c9f93ae0,PR,Puerto Rico,COMBINED,BOTH,True,False,60,36,20.0,,,,False,,50% in specialty/subspecialty/certification area,,2025-10-01,Reglamento General de la Junta de Licenciamiento y Disciplina Medica de Puerto Rico 9.1,,"60 hrs/3 years: 50% in specialty area. Required: 2 hrs Dengue/Chikungunya/Zika, 1 hr diabetes, 1 hr vaccination, 1 hr obesity prevention, 1 hr cardiovascular health, 3 hrs pain mgmt, 3 hrs antibiotics, 4 hrs bioethics/professionalism. Autism providers: 15 hrs autism. Pediatricians: 6 hrs autism. ER physicians: 20 hrs Emergency Medicine (including CPR, ACLS, PALS, emergency mgmt).",,,,,,,,0,,,0,,,0,,,2025-11-19T01:49:35.356029,2025-11-19T01:49:35.356029
f726ae16-33e1-42e8-9ab3-37edf09fbb63,RI,Rhode Island,COMBINED,BOTH,True,True,40,24,20.0,40,100.0,,False,,AMA Category 1 or AOA Category 1A,,2025-10-01,216-RICR-40-05-1.5.5,,"All AMA Cat 1 or AOA Cat 1A. 2 hrs on universal precautions, infection control, transmission modes, bioterrorism, end-of-life, palliative care, OSHA, ethics, or pain mgmt. ABMS MOC participation = CME equivalent.",,,,,,,,0,,,0,,,0,,,2025-11-19T01:49:35.356031,2025-11-19T01:49:35.356031
1ef30d9d-133b-45a1-bd3a-0bb9170a48ba,SC,South Carolina,COMBINED,BOTH,True,True,40,24,20.0,40,100.0,,False,,Category 1,,2025-10-01,SC Code § 40-47-40,,"All Category 1; ≥30 hrs directly related to practice area; ≥2 hrs on approved procedures for prescribing/monitoring Schedules II-IV controlled substances. May instead demonstrate ABMS, AOA, or other approved specialty board certification/recertification.",,,,,,,,0,,,0,,,0,,,2025-11-19T01:49:35.356033,2025-11-19T01:49:35.356033
e52d8c65-bffd-4cb2-9566-6813e1d7721d,SD,South Dakota,COMBINED,BOTH,False,False,,,,,,,False,,,,2025-10-01,,,South Dakota does not have a set number of required CME credit hours for physician license renewal.,,,,,,,,0,,,0,,,0,,,2025-11-19T01:49:35.356035,2025-11-19T01:49:35.356035
65bd1a80-aa20-441f-bd57-a15e77bf4777,TN-O,Tennessee,OSTEOPATHIC,DO,True,False,40,24,20.0,40,,,False,,AOA 1A or 2A,,2025-10-01,Tenn. Comp. R. & Regs. 1050-02-.12,,All AOA 1A or 2A. ≥2 of 40 hrs designated to address prescribing practices.,,,,,,,,0,,,0,,,0,,,2025-11-19T01:49:35.356038,2025-11-19T01:49:35.356038
9e20c2cc-281d-4e19-8644-c58762690e05,TN-M,Tennessee,MEDICAL,MD,True,False,40,24,20.0,40,100.0,,False,,Category 1,,2025-10-01,Tenn. Comp. R. & Regs. 0880-02-.19,,"All Category 1. ≥2 of 40 hrs on controlled substance prescribing (must include Dept treatment guidelines on opioids, benzodiazepines, barbiturates, carisoprodol; may include addiction, risk mgmt tools). Intractable pain treatment providers: specialized CME in pain management.",,,,,,,,0,,,0,,,0,,,2025-11-19T01:49:35.356036,2025-11-19T01:49:35.356036
b56112fb-2e4c-4188-a3b7-b948e6baca78,TX,Texas,COMBINED,BOTH,True,True,48,24,24.0,24,50.0,,False,,24 hrs AMA Cat 1 or AOA Cat 1A; 24 hrs informal self-study/hospital lectures/grand rounds/case conferences,,2025-10-01,"Tex. Admin. Code tit. 22, § 161.35",,"48 hrs: 24 AMA Cat 1 or AOA Cat 1A (2 on ethics/professional responsibility including risk mgmt, domestic/child abuse; human trafficking must be included), 24 informal self-study/lectures/rounds. Direct patient care: 2 hrs opioid/controlled substance pain mgmt in each of first two renewals post-licensure, then every 8 years. Pain clinic practitioners: 10 hrs annually in pain mgmt. Exempt if ABMS board cert/recert in preceding 36 months. Effective 9/1/2025: nutrition training per Texas Nutrition Advisory Committee guidelines.",,,,,,,,0,,,0,,,0,,,2025-11-19T01:49:35.356040,2025-11-19T01:49:35.356040
0834f611-5d9a-4085-8a77-dbd3f45e3a9d,VI,U.S. Virgin Islands,COMBINED,BOTH,True,False,40,12,40.0,,,,True,,Board-approved,,2025-10-01,VI Code 27 § 38d,,≥40 hrs each year; Board may accept average of 40 hrs but no less than 25 hrs/year over 3-year period.,,,,,,,,0,,,0,,,0,,,2025-11-19T01:49:35.356047,2025-11-19T01:49:35.356047
aa05d379-8ef9-456f-bf75-c32089aaab68,UT,Utah,COMBINED,BOTH,True,False,40,24,20.0,34,,,False,,34 hrs Category 1; 6 hrs max from DOPL; up to 15% from volunteer healthcare (1 cr/4 hrs) and AOA/ACCME residency participation,,2025-10-01,Utah Admin. Code R156-67-304,,"40 hrs: 34 Cat 1, max 6 hrs from DOPL. Up to 15% from volunteer services (1 CME/4 hrs documented) and AOA/ACCME residency participation. Controlled substance prescribers: ≥3.5 hrs in controlled substance prescribing classes. ≥1 online suicide prevention training course from DOPL list.",,,,,,,,0,,,0,,,0,,,2025-11-19T01:49:35.356042,2025-11-19T01:49:35.356042
6f9f7148-d625-46b3-8dfc-a668051b65aa,VT-O,Vermont,OSTEOPATHIC,DO,True,False,30,24,15.0,,,,False,,Board-established requirements,,2025-10-01,26 V.S.A § 1836; Code Vt. R. 04 030 220,,30 hrs/2 years meeting Board requirements.,,,,,,,,0,,,0,,,0,,,2025-11-19T01:49:35.356045,2025-11-19T01:49:35.356046
dc9c0db5-f8e0-4e58-9edb-1621512c7fd1,VT-M,Vermont,MEDICAL,MD,True,False,30,24,15.0,,,,False,,Category 1,,2025-10-01,12-5 Vt. Code R. § 200:22.1,,"30 hrs/2 years. 1 hr hospice, palliative care, or pain mgmt services. DEA registrants: ≥2 hrs on safe/effective prescribing of controlled substances and pain management.",,,,,,,,0,,,0,,,0,,,2025-11-19T01:49:35.356044,2025-11-19T01:49:35.356044
2b62a743-cc46-431f-9dbd-7756851ad28a,VA,Virginia,COMBINED,BOTH,True,False,60,24,30.0,30,50.0,,False,,30 hrs Category 1; remainder Category 2,,2025-10-01,18 Va. Admin. Code 85-20-235,,"60 hrs: 30 Cat 1, remainder Cat 2. Up to 15 Cat 2 hrs may be satisfied through voluntary services to low-income individuals via local health dept or free clinic.",,,,,,,,0,,,0,,,0,,,2025-11-19T01:49:35.356049,2025-11-19T01:49:35.356049
ba4ed5e2-e431-4673-8672-4e246b897e5f,WA-O,Washington,OSTEOPATHIC,DO,True,True,150,36,50.0,60,40.0,,False,,60 hrs Category 1,2019-01-01,2025-10-01,WAC 246-853-080; WAC 246-853-070,,"150 hrs/3 years; 60 Cat 1. One-time 6-hr suicide assessment/treatment/mgmt. Effective 1/1/19: opioid prescribers complete one-time ≥1 hr on best practices in opioid prescribing or current opioid prescribing rules. Min 2 hrs health equity per cycle. Board may accept ABOMS or ABMS cert/recert within last 6 years, among other CME equivalents.",,,,,,,,0,,,0,,,0,,,2025-11-19T01:49:35.356053,2025-11-19T01:49:35.356053
fc42e7f0-43a9-4110-91d9-96fc716377b5,WA-M,Washington,MEDICAL,MD,True,True,200,48,50.0,,,,False,,"May earn all 200 in Cat 1, but max 80 hrs each of Cat 2, 3, 4, 5",2019-01-01,2025-10-01,WAC 246-919-460,,"200 hrs/4 years. May earn all 200 in Cat 1, or max 80 each of Cat 2/3/4/5. One-time 6-hr suicide assessment/treatment/mgmt. Min 2 hrs health equity per cycle. Effective 1/1/19: opioid prescribers complete one-time ≥1 hr on best practices in opioid prescribing or opioid prescribing rules. In lieu of CME: AMA PRA in ≥2 of 4 years preceding renewal; ABMS cert in 4 years preceding; or ABMS MOC participation at renewal.",,,,,,,,0,,,0,,,0,,,2025-11-19T01:49:35.356051,2025-11-19T01:49:35.356051
00dfae8a-b93f-40ef-90b7-39b07e95d705,WV-O,West Virginia,OSTEOPATHIC,DO,True,False,32,24,16.0,16,50.0,,False,,16 hrs AOA Category 1A or 1B,2014-05-01,2025-10-01,W. Va. Code R. § 24-1-15,,32 hrs: 16 AOA Cat 1A or 1B. Beginning 5/1/2014: min 3 hrs drug diversion training and best practice prescribing of controlled substances via Board-approved program. Licensee in clinical residency >9 months of most recent period may substitute verification of participation for CME documentation.,,,,,,,,0,,,0,,,0,,,2025-11-19T01:49:35.356057,2025-11-19T01:49:35.356057
f6eecb56-2c10-4348-966b-a8973072a760,WV-M,West Virginia,MEDICAL,MD,True,True,50,24,25.0,50,100.0,,False,,Category 1,,2025-10-01,"W. Va. Code, § 30-3-12",,All Category 1. 30 hrs in specialty area(s). May count up to 20 hrs medical student teaching/preceptorship in 50-hr total. 3-hr Board-approved Risk Assessment and Responsible Prescribing of Controlled Substances can be used for 3 of 50 hrs. May satisfy all except 3-hr Risk Assessment by: ABMS cert/recert during reporting period; successful MOC through ABMS during reporting period; or completing 1 full year ACGME postgraduate training during reporting period.,,,,,,,,0,,,0,,,0,,,2025-11-19T01:49:35.356055,2025-11-19T01:49:35.356055
df545e5b-9b30-4fb4-8f05-1b43f91a7879,WI,Wisconsin,COMBINED,BOTH,True,False,30,24,15.0,30,100.0,,False,,Category 1; 2 hrs opioids/controlled substances,,2025-10-01,Wis. Admin. Code MED § 13.02,,"All Category 1. 2 hrs on prescribing opioids and other controlled substances. Must be AMA or AOA Cat 1, but no longer require specific MEB approval. This 30-hr requirement is separate from 8-hr DEA requirement, but DEA courses can fulfill CME requirement.",,,,,,,,0,,,0,,,0,,,2025-11-19T01:49:35.356060,2025-11-19T01:49:35.356060
fa307df5-1ec6-4047-8a18-2cb9727397a4,WY,Wyoming,COMBINED,BOTH,True,True,60,36,20.0,,,,False,,Category 1 or 2,,2025-10-01,052-3 Wyo. Code R. §§ 3-7,,60 hrs/3 years; all Cat 1 or 2. Controlled substance registration holders: 1 hr responsible prescribing of controlled substances or treatment of substance abuse disorders every 2 years. May earn CME via: AMA-approved Cat I or II; AOA-approved; current AMA PRA; or current ABMS specialty board certificate considered equivalent to hours claimed by licensee.,,,,,,,,0,,,0,,,0,,,2025-11-19T01:49:35.356062,2025-11-19T01:49:35.356062
