user_id,email,first_name,last_name,npi,document_id,document_type,document_status,original_filename,stored_filename,file_path,mime_type,file_size_bytes,uploaded_at,parsed_at,reviewed_at,confidence_score,parsing_method,validation_status,edit_count,extracted_data,ai_extracted_data,user_edited_data,document_created_at,document_metadata
555e92b0-7a69-4cb7-829c-3b48968983cc,admin@blueshift.com,BlueShift,Administrator,,,,,,,,,,,,,,,,,,,,,
139134ac-cd33-46e6-a69a-31ac6170af01,provider.multistate7@example.com,Lisa,Anderson,,,,,,,,,,,,,,,,,,,,,
2e6a2704-7ddf-4ece-a6de-ef9440df1ed2,provider.md14@example.com,Nicholas,Arnold,<memory at 0x74955b947580>,5f948b45-4131-4dee-8474-89fdae5233f4,state_license,parsed,WY_Medical_License_M724219.pdf,WY_license_5f948b45-4131-4dee-8474-89fdae5233f4.pdf,uploads/licenses/WY_license_5f948b45-4131-4dee-8474-89fdae5233f4.pdf,application/pdf,961402.0,2025-10-09T03:37:17.293963,2025-10-09T03:42:17.293965,2025-10-09T09:37:17.293967,0.8790722659856429,conversational,not_validated,0,"{""state"": ""WY"", ""status"": ""active"", ""issue_date"": ""2022-09-01"", ""license_type"": ""MD"", ""provider_name"": ""Nicholas Arnold"", ""license_number"": ""M724219"", ""expiration_date"": ""2026-08-11""}",,,2025-10-09T03:37:17.293969,"{""parser_version"": ""2.1.0"", ""processing_time_ms"": 4626}"
2e6a2704-7ddf-4ece-a6de-ef9440df1ed2,provider.md14@example.com,Nicholas,Arnold,<memory at 0x74955b9474c0>,483938dc-6827-48b9-aec8-797df97c7755,state_license,approved,IN_Medical_License_M792133.pdf,IN_license_483938dc-6827-48b9-aec8-797df97c7755.pdf,uploads/licenses/IN_license_483938dc-6827-48b9-aec8-797df97c7755.pdf,application/pdf,1159056.0,2025-09-23T03:37:17.278969,2025-09-23T04:01:17.278971,2025-09-23T16:37:17.278974,0.8989169542476027,rigid_schema,not_validated,0,"{""state"": ""IN"", ""status"": ""active"", ""issue_date"": ""2020-10-19"", ""license_type"": ""MD"", ""provider_name"": ""Nicholas Arnold"", ""license_number"": ""M792133"", ""expiration_date"": ""2026-09-18""}",,,2025-09-23T03:37:17.278976,"{""parser_version"": ""2.1.0"", ""processing_time_ms"": 1581}"
2e6a2704-7ddf-4ece-a6de-ef9440df1ed2,provider.md14@example.com,Nicholas,Arnold,<memory at 0x74955b947880>,4667e75d-bd7f-4d4b-8124-f8deb62ba492,state_license,approved,OR_Medical_License_915698.pdf,OR_license_4667e75d-bd7f-4d4b-8124-f8deb62ba492.pdf,uploads/licenses/OR_license_4667e75d-bd7f-4d4b-8124-f8deb62ba492.pdf,application/pdf,480788.0,2025-07-20T03:37:17.266320,2025-07-20T04:05:17.266323,2025-07-21T06:37:17.266326,0.8892901743626068,rigid_schema,not_validated,0,"{""state"": ""OR"", ""status"": ""active"", ""issue_date"": ""2022-09-28"", ""license_type"": ""MD"", ""provider_name"": ""Nicholas Arnold"", ""license_number"": ""915698"", ""expiration_date"": ""2026-09-07""}",,,2025-07-20T03:37:17.266328,"{""parser_version"": ""2.1.0"", ""processing_time_ms"": 829}"
2e6a2704-7ddf-4ece-a6de-ef9440df1ed2,provider.md14@example.com,Nicholas,Arnold,<memory at 0x74955b947940>,c296fb76-45fd-47b8-9eb5-67b75948b07e,dea,parsed,DEA_Certificate_BA7815631.pdf,dea_c296fb76-45fd-47b8-9eb5-67b75948b07e.pdf,uploads/dea/dea_c296fb76-45fd-47b8-9eb5-67b75948b07e.pdf,application/pdf,397288.0,2025-07-05T03:37:17.266407,2025-07-05T04:08:17.266408,2025-07-07T22:37:17.266410,0.9537327925788908,conversational,not_validated,0,"{""schedules"": [""II"", ""III"", ""IV"", ""V""], ""dea_number"": ""BA7815631"", ""provider_name"": ""Nicholas Arnold"", ""expiration_date"": ""2028-03-22""}",,,2025-07-05T03:37:17.266412,"{""parser_version"": ""2.1.0"", ""processing_time_ms"": 2505}"
2e6a2704-7ddf-4ece-a6de-ef9440df1ed2,provider.md14@example.com,Nicholas,Arnold,<memory at 0x74955b947a00>,d67d3bda-dd5d-48da-abdd-6f6bd6069d17,dea,approved,DEA_Certificate_BA8283341.pdf,dea_d67d3bda-dd5d-48da-abdd-6f6bd6069d17.pdf,uploads/dea/dea_d67d3bda-dd5d-48da-abdd-6f6bd6069d17.pdf,application/pdf,87751.0,2025-06-03T03:37:17.313795,2025-06-03T04:21:17.313796,2025-06-03T18:37:17.313798,0.9164780655471043,conversational,not_validated,0,"{""schedules"": [""II"", ""III"", ""IV"", ""V""], ""dea_number"": ""BA8283341"", ""provider_name"": ""Nicholas Arnold"", ""expiration_date"": ""2028-06-18""}",,,2025-06-03T03:37:17.313799,"{""parser_version"": ""2.1.0"", ""processing_time_ms"": 5073}"
2e6a2704-7ddf-4ece-a6de-ef9440df1ed2,provider.md14@example.com,Nicholas,Arnold,<memory at 0x74955b947ac0>,0f93961c-3b91-4fa2-9ce7-a057340dc549,dea,parsed,DEA_Certificate_BA4368387.pdf,dea_0f93961c-3b91-4fa2-9ce7-a057340dc549.pdf,uploads/dea/dea_0f93961c-3b91-4fa2-9ce7-a057340dc549.pdf,application/pdf,157239.0,2025-04-21T03:37:17.279038,2025-04-21T04:19:17.279039,2025-04-23T20:37:17.279041,0.8076909146998503,conversational,not_validated,0,"{""schedules"": [""II"", ""III"", ""IV"", ""V""], ""dea_number"": ""BA4368387"", ""provider_name"": ""Nicholas Arnold"", ""expiration_date"": ""2028-07-19""}",,,2025-04-21T03:37:17.279043,"{""parser_version"": ""2.1.0"", ""processing_time_ms"": 1247}"
2e6a2704-7ddf-4ece-a6de-ef9440df1ed2,provider.md14@example.com,Nicholas,Arnold,<memory at 0x74955b947b80>,d0ddbbed-1862-481b-9e80-b199e739c7ed,state_license,approved,KS_Medical_License_KS77006.pdf,KS_license_d0ddbbed-1862-481b-9e80-b199e739c7ed.pdf,uploads/licenses/KS_license_d0ddbbed-1862-481b-9e80-b199e739c7ed.pdf,application/pdf,1332424.0,2025-04-07T03:37:17.303271,2025-04-07T03:44:17.303274,2025-04-09T01:37:17.303276,0.8750388040329047,conversational,not_validated,0,"{""state"": ""KS"", ""status"": ""active"", ""issue_date"": ""2024-02-03"", ""license_type"": ""MD"", ""provider_name"": ""Nicholas Arnold"", ""license_number"": ""KS77006"", ""expiration_date"": ""2026-01-23""}",,,2025-04-07T03:37:17.303278,"{""parser_version"": ""2.1.0"", ""processing_time_ms"": 2535}"
2e6a2704-7ddf-4ece-a6de-ef9440df1ed2,provider.md14@example.com,Nicholas,Arnold,<memory at 0x74955b947c40>,a654938f-d98f-471e-9003-c1da872f7d72,state_license,parsed,MO_Medical_License_828511.pdf,MO_license_a654938f-d98f-471e-9003-c1da872f7d72.pdf,uploads/licenses/MO_license_a654938f-d98f-471e-9003-c1da872f7d72.pdf,application/pdf,836767.0,2025-04-01T03:37:17.313728,2025-04-01T03:38:17.313730,2025-04-03T00:37:17.313732,0.9275874237479139,rigid_schema,not_validated,0,"{""state"": ""MO"", ""status"": ""active"", ""issue_date"": ""2020-09-26"", ""license_type"": ""MD"", ""provider_name"": ""Nicholas Arnold"", ""license_number"": ""828511"", ""expiration_date"": ""2026-08-26""}",,,2025-04-01T03:37:17.313734,"{""parser_version"": ""2.1.0"", ""processing_time_ms"": 3201}"
2e6a2704-7ddf-4ece-a6de-ef9440df1ed2,provider.md14@example.com,Nicholas,Arnold,<memory at 0x74955b947d00>,6862b1ec-45b2-4c7e-9e12-044a1d6b9c80,state_license,approved,DE_Medical_License_DE60935.pdf,DE_license_6862b1ec-45b2-4c7e-9e12-044a1d6b9c80.pdf,uploads/licenses/DE_license_6862b1ec-45b2-4c7e-9e12-044a1d6b9c80.pdf,application/pdf,1966890.0,2025-03-20T03:37:17.267508,2025-03-20T03:52:17.267511,2025-03-22T00:37:17.267513,0.9591061990324437,conversational,not_validated,0,"{""state"": ""DE"", ""status"": ""active"", ""issue_date"": ""2021-12-04"", ""license_type"": ""MD"", ""provider_name"": ""Nicholas Arnold"", ""license_number"": ""DE60935"", ""expiration_date"": ""2027-11-03""}",,,2025-03-20T03:37:17.267515,"{""parser_version"": ""2.1.0"", ""processing_time_ms"": 2734}"
2e6a2704-7ddf-4ece-a6de-ef9440df1ed2,provider.md14@example.com,Nicholas,Arnold,<memory at 0x74955b947dc0>,36fbdb66-a62d-4508-9966-67cd0d8dfdfb,dea,approved,DEA_Certificate_AA7118051.pdf,dea_36fbdb66-a62d-4508-9966-67cd0d8dfdfb.pdf,uploads/dea/dea_36fbdb66-a62d-4508-9966-67cd0d8dfdfb.pdf,application/pdf,483482.0,2025-03-19T03:37:17.294033,2025-03-19T03:56:17.294034,2025-03-20T12:37:17.294036,0.8465131936980506,conversational,not_validated,0,"{""schedules"": [""II"", ""III"", ""IV"", ""V""], ""dea_number"": ""AA7118051"", ""provider_name"": ""Nicholas Arnold"", ""expiration_date"": ""2028-08-13""}",,,2025-03-19T03:37:17.294038,"{""parser_version"": ""2.1.0"", ""processing_time_ms"": 4257}"
2e6a2704-7ddf-4ece-a6de-ef9440df1ed2,provider.md14@example.com,Nicholas,Arnold,<memory at 0x74955b947e80>,50213f57-ebc2-4a57-b656-445e98127546,state_license,approved,NE_Medical_License_NE-86928.pdf,NE_license_50213f57-ebc2-4a57-b656-445e98127546.pdf,uploads/licenses/NE_license_50213f57-ebc2-4a57-b656-445e98127546.pdf,application/pdf,436395.0,2025-02-17T03:37:17.291505,2025-02-17T04:04:17.291508,2025-02-18T17:37:17.291510,0.861619240393746,conversational,not_validated,0,"{""state"": ""NE"", ""status"": ""active"", ""issue_date"": ""2021-03-01"", ""license_type"": ""MD"", ""provider_name"": ""Nicholas Arnold"", ""license_number"": ""NE-86928"", ""expiration_date"": ""2027-01-29""}",,,2025-02-17T03:37:17.291511,"{""parser_version"": ""2.1.0"", ""processing_time_ms"": 1986}"
2e6a2704-7ddf-4ece-a6de-ef9440df1ed2,provider.md14@example.com,Nicholas,Arnold,<memory at 0x74955b947f40>,7193d511-7a5c-433e-9dea-99f91c125f9c,dea,approved,DEA_Certificate_AA3758450.pdf,dea_7193d511-7a5c-433e-9dea-99f91c125f9c.pdf,uploads/dea/dea_7193d511-7a5c-433e-9dea-99f91c125f9c.pdf,application/pdf,394004.0,2025-01-01T03:37:17.291574,2025-01-01T04:19:17.291575,2025-01-02T14:37:17.291577,0.9064758933555044,conversational,not_validated,0,"{""schedules"": [""II"", ""III"", ""IV"", ""V""], ""dea_number"": ""AA3758450"", ""provider_name"": ""Nicholas Arnold"", ""expiration_date"": ""2027-08-26""}",,,2025-01-01T03:37:17.291578,"{""parser_version"": ""2.1.0"", ""processing_time_ms"": 1400}"
2e6a2704-7ddf-4ece-a6de-ef9440df1ed2,provider.md14@example.com,Nicholas,Arnold,<memory at 0x74955af54040>,c3033bc8-4711-4a2f-ba2b-0df5432b6e08,board_certification,approved,Board_Certification_Internal Medicine.pdf,board_cert_c3033bc8-4711-4a2f-ba2b-0df5432b6e08.pdf,uploads/certifications/board_cert_c3033bc8-4711-4a2f-ba2b-0df5432b6e08.pdf,application/pdf,621052.0,2024-08-14T03:37:17.316660,2024-08-14T04:08:17.316661,2024-08-17T20:37:17.316662,0.9402229176043536,rigid_schema,not_validated,0,"{""board"": ""American Board of Medical Specialties"", ""specialty"": ""Internal Medicine"", ""provider_name"": ""Nicholas Arnold"", ""expiration_date"": ""2035-01-08"", ""certification_date"": ""2024-02-29""}",,,2024-08-14T03:37:17.316664,"{""parser_version"": ""2.1.0"", ""processing_time_ms"": 3970}"
66d8c077-731d-4adc-8400-34eb141de0af,provider.md12@example.com,Lindsay,Blair,<memory at 0x74955af54100>,ddcd9a47-01ca-48a4-844c-afc9ad56f648,dea,parsed,DEA_Certificate_FB4670649.pdf,dea_ddcd9a47-01ca-48a4-844c-afc9ad56f648.pdf,uploads/dea/dea_ddcd9a47-01ca-48a4-844c-afc9ad56f648.pdf,application/pdf,89959.0,2025-07-24T03:37:17.299897,2025-07-24T03:52:17.299898,2025-07-25T12:37:17.299900,0.9156681820893372,conversational,not_validated,0,"{""schedules"": [""II"", ""III"", ""IV"", ""V""], ""dea_number"": ""FB4670649"", ""provider_name"": ""Lindsay Blair"", ""expiration_date"": ""2028-03-01""}",,,2025-07-24T03:37:17.299901,"{""parser_version"": ""2.1.0"", ""processing_time_ms"": 4102}"
66d8c077-731d-4adc-8400-34eb141de0af,provider.md12@example.com,Lindsay,Blair,<memory at 0x74955af541c0>,330603d5-5912-469d-b5a8-96052c4392c3,state_license,approved,SC_Medical_License_M121169.pdf,SC_license_330603d5-5912-469d-b5a8-96052c4392c3.pdf,uploads/licenses/SC_license_330603d5-5912-469d-b5a8-96052c4392c3.pdf,application/pdf,768568.0,2025-05-19T03:37:17.299830,2025-05-19T03:42:17.299832,2025-05-19T12:37:17.299835,0.8603205559868488,rigid_schema,not_validated,0,"{""state"": ""SC"", ""status"": ""active"", ""issue_date"": ""2022-11-05"", ""license_type"": ""MD"", ""provider_name"": ""Lindsay Blair"", ""license_number"": ""M121169"", ""expiration_date"": ""2026-10-15""}",,,2025-05-19T03:37:17.299836,"{""parser_version"": ""2.1.0"", ""processing_time_ms"": 4418}"
6f037392-09a1-4fc9-b00f-410425cb99fe,provider.multistate10@example.com,Daniel,Brown,,,,,,,,,,,,,,,,,,,,,
2326cec7-7c1e-424f-bf3e-aefb195a7cca,provider.multistate2@example.com,David,Chen,,,,,,,,,,,,,,,,,,,,,
ae0ea300-d1d6-48a1-a5d8-00c8f2d4d17f,provider.multistate20@example.com,Brandon,Clark,,,,,,,,,,,,,,,,,,,,,
d6b6bc0c-159f-45d4-969d-2d415aa43822,provider.do5@example.com,Mitchell,Clark,<memory at 0x74955af54280>,ea45d743-6b19-47eb-a3f6-c6d566821063,board_certification,approved,Board_Certification_Urology.pdf,board_cert_ea45d743-6b19-47eb-a3f6-c6d566821063.pdf,uploads/certifications/board_cert_ea45d743-6b19-47eb-a3f6-c6d566821063.pdf,application/pdf,241926.0,2025-03-19T03:37:17.316203,2025-03-19T04:15:17.316204,2025-03-19T23:37:17.316206,0.9447009875461743,rigid_schema,not_validated,0,"{""board"": ""American Board of Medical Specialties"", ""specialty"": ""Urology"", ""provider_name"": ""Mitchell Clark"", ""expiration_date"": ""2029-10-10"", ""certification_date"": ""2016-09-29""}",,,2025-03-19T03:37:17.316207,"{""parser_version"": ""2.1.0"", ""processing_time_ms"": 6482}"
d6b6bc0c-159f-45d4-969d-2d415aa43822,provider.do5@example.com,Mitchell,Clark,<memory at 0x74955af54340>,508abad3-b9ef-4507-804f-dfd9a33701ee,state_license,approved,AK_Medical_License_AK-66304.pdf,AK_license_508abad3-b9ef-4507-804f-dfd9a33701ee.pdf,uploads/licenses/AK_license_508abad3-b9ef-4507-804f-dfd9a33701ee.pdf,application/pdf,995629.0,2025-02-08T03:37:17.288021,2025-02-08T03:48:17.288023,2025-02-09T20:37:17.288025,0.9743107185851905,conversational,not_validated,0,"{""state"": ""AK"", ""status"": ""active"", ""issue_date"": ""2022-10-12"", ""license_type"": ""DO"", ""provider_name"": ""Mitchell Clark"", ""license_number"": ""AK-66304"", ""expiration_date"": ""2026-09-21""}",,,2025-02-08T03:37:17.288027,"{""parser_version"": ""2.1.0"", ""processing_time_ms"": 2034}"
d6b6bc0c-159f-45d4-969d-2d415aa43822,provider.do5@example.com,Mitchell,Clark,<memory at 0x74955af54400>,85b84360-bc80-4668-8b54-2fd8132a6b07,dea,parsed,DEA_Certificate_AC7561378.pdf,dea_85b84360-bc80-4668-8b54-2fd8132a6b07.pdf,uploads/dea/dea_85b84360-bc80-4668-8b54-2fd8132a6b07.pdf,application/pdf,86534.0,2025-01-30T03:37:17.288083,2025-01-30T04:00:17.288084,2025-02-01T04:37:17.288085,0.9036259723573175,conversational,not_validated,0,"{""schedules"": [""II"", ""III"", ""IV"", ""V""], ""dea_number"": ""AC7561378"", ""provider_name"": ""Mitchell Clark"", ""expiration_date"": ""2028-07-25""}",,,2025-01-30T03:37:17.288087,"{""parser_version"": ""2.1.0"", ""processing_time_ms"": 1023}"
72316753-a4be-4516-b3ec-b88ed0d57347,provider.do8@example.com,George,Daniel,<memory at 0x74955af544c0>,233d5ed3-81b7-4762-8309-e4b377f35f98,dea,approved,DEA_Certificate_AD4022966.pdf,dea_233d5ed3-81b7-4762-8309-e4b377f35f98.pdf,uploads/dea/dea_233d5ed3-81b7-4762-8309-e4b377f35f98.pdf,application/pdf,341121.0,2025-09-22T03:37:17.290328,2025-09-22T04:18:17.290329,2025-09-24T22:37:17.290331,0.9390284626936423,conversational,not_validated,0,"{""schedules"": [""II"", ""III"", ""IV"", ""V""], ""dea_number"": ""AD4022966"", ""provider_name"": ""George Daniel"", ""expiration_date"": ""2027-11-23""}",,,2025-09-22T03:37:17.290332,"{""parser_version"": ""2.1.0"", ""processing_time_ms"": 4439}"
72316753-a4be-4516-b3ec-b88ed0d57347,provider.do8@example.com,George,Daniel,<memory at 0x74955af54580>,9fb765fa-8016-4578-82cc-0edf6f621194,state_license,approved,SD_Medical_License_SD21560.pdf,SD_license_9fb765fa-8016-4578-82cc-0edf6f621194.pdf,uploads/licenses/SD_license_9fb765fa-8016-4578-82cc-0edf6f621194.pdf,application/pdf,545199.0,2025-03-15T03:37:17.290257,2025-03-15T03:46:17.290260,2025-03-15T16:37:17.290263,0.9763315200078713,conversational,not_validated,0,"{""state"": ""SD"", ""status"": ""active"", ""issue_date"": ""2022-01-26"", ""license_type"": ""DO"", ""provider_name"": ""George Daniel"", ""license_number"": ""SD21560"", ""expiration_date"": ""2026-01-05""}",,,2025-03-15T03:37:17.290264,"{""parser_version"": ""2.1.0"", ""processing_time_ms"": 3414}"
72316753-a4be-4516-b3ec-b88ed0d57347,provider.do8@example.com,George,Daniel,<memory at 0x74955af54640>,0e2088c3-f845-464d-89d7-c63e58b2011a,board_certification,approved,Board_Certification_Anesthesiology.pdf,board_cert_0e2088c3-f845-464d-89d7-c63e58b2011a.pdf,uploads/certifications/board_cert_0e2088c3-f845-464d-89d7-c63e58b2011a.pdf,application/pdf,820057.0,2023-12-13T03:37:17.316835,2023-12-13T04:27:17.316836,2023-12-15T14:37:17.316837,0.9111897196935607,rigid_schema,not_validated,0,"{""board"": ""American Board of Medical Specialties"", ""specialty"": ""Anesthesiology"", ""provider_name"": ""George Daniel"", ""expiration_date"": ""2033-04-06"", ""certification_date"": ""2022-04-01""}",,,2023-12-13T03:37:17.316839,"{""parser_version"": ""2.1.0"", ""processing_time_ms"": 1195}"
10c49ff8-0789-477c-86d4-bb00b95ab234,provider.multistate11@example.com,Amanda,Davis,,,,,,,,,,,,,,,,,,,,,
f694a288-0c84-4a49-a915-6187c78e8a14,provider.md10@example.com,Christopher,Davis,<memory at 0x74955af54700>,9da3079d-8de4-449c-ab46-70a405733b85,board_certification,approved,Board_Certification_Orthopedics.pdf,board_cert_9da3079d-8de4-449c-ab46-70a405733b85.pdf,uploads/certifications/board_cert_9da3079d-8de4-449c-ab46-70a405733b85.pdf,application/pdf,663677.0,2025-09-07T03:37:17.316748,2025-09-07T04:09:17.316749,2025-09-11T00:37:17.316750,0.9190655204591524,rigid_schema,not_validated,0,"{""board"": ""American Board of Medical Specialties"", ""specialty"": ""Orthopedics"", ""provider_name"": ""Christopher Davis"", ""expiration_date"": ""2029-09-10"", ""certification_date"": ""2023-11-20""}",,,2025-09-07T03:37:17.316752,"{""parser_version"": ""2.1.0"", ""processing_time_ms"": 4712}"
f694a288-0c84-4a49-a915-6187c78e8a14,provider.md10@example.com,Christopher,Davis,<memory at 0x74955af547c0>,04d0930e-dbe7-466e-b6fb-799d26e99a55,state_license,approved,ID_Medical_License_ID99984.pdf,ID_license_04d0930e-dbe7-466e-b6fb-799d26e99a55.pdf,uploads/licenses/ID_license_04d0930e-dbe7-466e-b6fb-799d26e99a55.pdf,application/pdf,549510.0,2025-07-13T03:37:17.311366,2025-07-13T03:49:17.311369,2025-07-14T08:37:17.311371,0.9516879213551259,rigid_schema,not_validated,0,"{""state"": ""ID"", ""status"": ""active"", ""issue_date"": ""2022-06-04"", ""license_type"": ""MD"", ""provider_name"": ""Christopher Davis"", ""license_number"": ""ID99984"", ""expiration_date"": ""2026-05-14""}",,,2025-07-13T03:37:17.311372,"{""parser_version"": ""2.1.0"", ""processing_time_ms"": 1711}"
f694a288-0c84-4a49-a915-6187c78e8a14,provider.md10@example.com,Christopher,Davis,<memory at 0x74955af54880>,19f7a970-7861-413c-bdd0-fb7e73f43c78,dea,approved,DEA_Certificate_FD6500994.pdf,dea_19f7a970-7861-413c-bdd0-fb7e73f43c78.pdf,uploads/dea/dea_19f7a970-7861-413c-bdd0-fb7e73f43c78.pdf,application/pdf,204339.0,2025-07-09T03:37:17.311429,2025-07-09T03:43:17.311430,2025-07-12T00:37:17.311431,0.9027834714774587,conversational,not_validated,0,"{""schedules"": [""II"", ""III"", ""IV"", ""V""], ""dea_number"": ""FD6500994"", ""provider_name"": ""Christopher Davis"", ""expiration_date"": ""2028-07-22""}",,,2025-07-09T03:37:17.311433,"{""parser_version"": ""2.1.0"", ""processing_time_ms"": 1917}"
8763c842-5104-4c6b-aad3-1bcb7004317a,provider.do4@example.com,Cynthia,Diaz,<memory at 0x74955af54940>,74ce3993-a944-47ce-ac7c-dd06a665663b,state_license,approved,WV_Medical_License_D716584.pdf,WV_license_74ce3993-a944-47ce-ac7c-dd06a665663b.pdf,uploads/licenses/WV_license_74ce3993-a944-47ce-ac7c-dd06a665663b.pdf,application/pdf,595941.0,2025-09-23T03:37:17.285745,2025-09-23T03:47:17.285748,2025-09-23T21:37:17.285750,0.8567808210817528,conversational,not_validated,0,"{""state"": ""WV"", ""status"": ""active"", ""issue_date"": ""2021-07-29"", ""license_type"": ""DO"", ""provider_name"": ""Cynthia Diaz"", ""license_number"": ""D716584"", ""expiration_date"": ""2026-07-03""}",,,2025-09-23T03:37:17.285752,"{""parser_version"": ""2.1.0"", ""processing_time_ms"": 2237}"
8763c842-5104-4c6b-aad3-1bcb7004317a,provider.do4@example.com,Cynthia,Diaz,<memory at 0x74955af54a00>,30d3b37f-4d42-40f0-a60d-e1a3f7456831,dea,approved,DEA_Certificate_BD9495532.pdf,dea_30d3b37f-4d42-40f0-a60d-e1a3f7456831.pdf,uploads/dea/dea_30d3b37f-4d42-40f0-a60d-e1a3f7456831.pdf,application/pdf,458039.0,2025-03-01T03:37:17.285812,2025-03-01T03:42:17.285813,2025-03-03T15:37:17.285814,0.938303504693299,conversational,not_validated,0,"{""schedules"": [""II"", ""III"", ""IV"", ""V""], ""dea_number"": ""BD9495532"", ""provider_name"": ""Cynthia Diaz"", ""expiration_date"": ""2028-06-30""}",,,2025-03-01T03:37:17.285816,"{""parser_version"": ""2.1.0"", ""processing_time_ms"": 3883}"
8763c842-5104-4c6b-aad3-1bcb7004317a,provider.do4@example.com,Cynthia,Diaz,<memory at 0x74955af54ac0>,9f00293f-4569-4783-ab6d-86ab0abd4b7c,board_certification,approved,Board_Certification_Neurology.pdf,board_cert_9f00293f-4569-4783-ab6d-86ab0abd4b7c.pdf,uploads/certifications/board_cert_9f00293f-4569-4783-ab6d-86ab0abd4b7c.pdf,application/pdf,701502.0,2024-07-01T03:37:17.316251,2024-07-01T03:57:17.316252,2024-07-04T01:37:17.316253,0.9694765855396585,rigid_schema,not_validated,0,"{""board"": ""American Board of Medical Specialties"", ""specialty"": ""Neurology"", ""provider_name"": ""Cynthia Diaz"", ""expiration_date"": ""2033-10-17"", ""certification_date"": ""2022-11-19""}",,,2024-07-01T03:37:17.316255,"{""parser_version"": ""2.1.0"", ""processing_time_ms"": 2555}"
e61234f3-509c-4d22-a5e6-cb75985f8c1b,provider.md13@example.com,Amanda,Dudley,<memory at 0x74955af54b80>,183b7187-153d-4c0a-ada2-93a5ba1fe0dc,state_license,approved,RI_Medical_License_RI54821.pdf,RI_license_183b7187-153d-4c0a-ada2-93a5ba1fe0dc.pdf,uploads/licenses/RI_license_183b7187-153d-4c0a-ada2-93a5ba1fe0dc.pdf,application/pdf,788756.0,2025-11-03T03:37:17.284599,2025-11-03T04:06:17.284601,2025-11-04T11:37:17.284604,0.9757483695508385,rigid_schema,not_validated,0,"{""state"": ""RI"", ""status"": ""active"", ""issue_date"": ""2025-02-28"", ""license_type"": ""MD"", ""provider_name"": ""Amanda Dudley"", ""license_number"": ""RI54821"", ""expiration_date"": ""2027-02-18""}",,,2025-11-03T03:37:17.284605,"{""parser_version"": ""2.1.0"", ""processing_time_ms"": 4829}"
e61234f3-509c-4d22-a5e6-cb75985f8c1b,provider.md13@example.com,Amanda,Dudley,<memory at 0x74955af54c40>,f5318420-3601-456b-9fd9-75fdd9d7352e,dea,approved,DEA_Certificate_BD4321352.pdf,dea_f5318420-3601-456b-9fd9-75fdd9d7352e.pdf,uploads/dea/dea_f5318420-3601-456b-9fd9-75fdd9d7352e.pdf,application/pdf,449354.0,2025-04-28T03:37:17.284666,2025-04-28T03:52:17.284666,2025-04-29T14:37:17.284668,0.9277048810802555,conversational,not_validated,0,"{""schedules"": [""II"", ""III"", ""IV"", ""V""], ""dea_number"": ""BD4321352"", ""provider_name"": ""Amanda Dudley"", ""expiration_date"": ""2026-12-13""}",,,2025-04-28T03:37:17.284670,"{""parser_version"": ""2.1.0"", ""processing_time_ms"": 3963}"
e61234f3-509c-4d22-a5e6-cb75985f8c1b,provider.md13@example.com,Amanda,Dudley,<memory at 0x74955af54d00>,1fd38c44-920f-4e39-b1b4-5ed9b74ad6b6,board_certification,approved,Board_Certification_Pediatrics.pdf,board_cert_1fd38c44-920f-4e39-b1b4-5ed9b74ad6b6.pdf,uploads/certifications/board_cert_1fd38c44-920f-4e39-b1b4-5ed9b74ad6b6.pdf,application/pdf,915289.0,2024-05-20T03:37:17.316704,2024-05-20T03:45:17.316705,2024-05-23T19:37:17.316707,0.9774245119661426,rigid_schema,not_validated,0,"{""board"": ""American Board of Medical Specialties"", ""specialty"": ""Pediatrics"", ""provider_name"": ""Amanda Dudley"", ""expiration_date"": ""2035-05-27"", ""certification_date"": ""2022-06-07""}",,,2024-05-20T03:37:17.316708,"{""parser_version"": ""2.1.0"", ""processing_time_ms"": 7187}"
145a7c8f-65f6-4b05-9a18-235932b8f211,provider.multistate12@example.com,Christopher,Garcia,,,,,,,,,,,,,,,,,,,,,
3266d4b9-1e60-46e8-ae6c-3b5f34098bda,provider.md4@example.com,Debra,Gardner,<memory at 0x74955af54dc0>,114cd8bf-4df3-4b93-ad1d-0a7a31e29e4f,state_license,approved,MD_Medical_License_MD63881.pdf,MD_license_114cd8bf-4df3-4b93-ad1d-0a7a31e29e4f.pdf,uploads/licenses/MD_license_114cd8bf-4df3-4b93-ad1d-0a7a31e29e4f.pdf,application/pdf,720213.0,2025-06-22T03:37:17.296319,2025-06-22T03:50:17.296321,2025-06-23T05:37:17.296324,0.9693159371161837,rigid_schema,not_validated,0,"{""state"": ""MD"", ""status"": ""active"", ""issue_date"": ""2022-07-02"", ""license_type"": ""MD"", ""provider_name"": ""Debra Gardner"", ""license_number"": ""MD63881"", ""expiration_date"": ""2026-06-11""}",,,2025-06-22T03:37:17.296325,"{""parser_version"": ""2.1.0"", ""processing_time_ms"": 2420}"
3266d4b9-1e60-46e8-ae6c-3b5f34098bda,provider.md4@example.com,Debra,Gardner,<memory at 0x74955af54e80>,269bea73-c900-4d50-8128-80a462824261,state_license,approved,MS_Medical_License_185013.pdf,MS_license_269bea73-c900-4d50-8128-80a462824261.pdf,uploads/licenses/MS_license_269bea73-c900-4d50-8128-80a462824261.pdf,application/pdf,445037.0,2025-01-30T03:37:17.300960,2025-01-30T03:58:17.300963,2025-01-30T13:37:17.300965,0.9350127571600398,conversational,not_validated,0,"{""state"": ""MS"", ""status"": ""active"", ""issue_date"": ""2023-06-19"", ""license_type"": ""MD"", ""provider_name"": ""Debra Gardner"", ""license_number"": ""185013"", ""expiration_date"": ""2027-05-29""}",,,2025-01-30T03:37:17.300966,"{""parser_version"": ""2.1.0"", ""processing_time_ms"": 4400}"
3266d4b9-1e60-46e8-ae6c-3b5f34098bda,provider.md4@example.com,Debra,Gardner,<memory at 0x74955af54f40>,121dba95-4c8b-4053-9338-85b01f3e0edc,dea,approved,DEA_Certificate_FG7558393.pdf,dea_121dba95-4c8b-4053-9338-85b01f3e0edc.pdf,uploads/dea/dea_121dba95-4c8b-4053-9338-85b01f3e0edc.pdf,application/pdf,374615.0,2024-12-01T03:37:17.301025,2024-12-01T04:04:17.301026,2024-12-01T16:37:17.301028,0.9489519662720503,conversational,not_validated,0,"{""schedules"": [""II"", ""III"", ""IV"", ""V""], ""dea_number"": ""FG7558393"", ""provider_name"": ""Debra Gardner"", ""expiration_date"": ""2026-12-09""}",,,2024-12-01T03:37:17.301030,"{""parser_version"": ""2.1.0"", ""processing_time_ms"": 3863}"
9a70ee47-4267-478f-a57c-16b5f595a709,provider.md3@example.com,Anthony,Gonzalez,<memory at 0x74955af55000>,7ebd68a9-1cb5-4096-908d-4e2ab7ae3c4a,board_certification,approved,Board_Certification_Psychiatry.pdf,board_cert_7ebd68a9-1cb5-4096-908d-4e2ab7ae3c4a.pdf,uploads/certifications/board_cert_7ebd68a9-1cb5-4096-908d-4e2ab7ae3c4a.pdf,application/pdf,515056.0,2025-10-20T03:37:17.316300,2025-10-20T03:57:17.316301,2025-10-23T03:37:17.316302,0.9871523968344199,rigid_schema,not_validated,0,"{""board"": ""American Board of Medical Specialties"", ""specialty"": ""Psychiatry"", ""provider_name"": ""Anthony Gonzalez"", ""expiration_date"": ""2032-12-09"", ""certification_date"": ""2023-04-19""}",,,2025-10-20T03:37:17.316304,"{""parser_version"": ""2.1.0"", ""processing_time_ms"": 5426}"
9a70ee47-4267-478f-a57c-16b5f595a709,provider.md3@example.com,Anthony,Gonzalez,<memory at 0x74955af550c0>,e8376ec3-a737-4247-9aa0-91b2d23ed4fe,state_license,parsed,HI_Medical_License_HI29182.pdf,HI_license_e8376ec3-a737-4247-9aa0-91b2d23ed4fe.pdf,uploads/licenses/HI_license_e8376ec3-a737-4247-9aa0-91b2d23ed4fe.pdf,application/pdf,1078053.0,2025-08-22T03:37:17.273102,2025-08-22T04:04:17.273105,2025-08-22T18:37:17.273107,0.9447164813442548,rigid_schema,not_validated,0,"{""state"": ""HI"", ""status"": ""active"", ""issue_date"": ""2024-10-07"", ""license_type"": ""MD"", ""provider_name"": ""Anthony Gonzalez"", ""license_number"": ""HI29182"", ""expiration_date"": ""2026-09-27""}",,,2025-08-22T03:37:17.273109,"{""parser_version"": ""2.1.0"", ""processing_time_ms"": 1104}"
9a70ee47-4267-478f-a57c-16b5f595a709,provider.md3@example.com,Anthony,Gonzalez,<memory at 0x74955af55180>,69e3f398-d394-4a13-89a9-310a84abc46d,dea,approved,DEA_Certificate_BG1940335.pdf,dea_69e3f398-d394-4a13-89a9-310a84abc46d.pdf,uploads/dea/dea_69e3f398-d394-4a13-89a9-310a84abc46d.pdf,application/pdf,483441.0,2025-01-12T03:37:17.273183,2025-01-12T03:53:17.273183,2025-01-13T19:37:17.273185,0.9790177057439686,conversational,not_validated,0,"{""schedules"": [""II"", ""III"", ""IV"", ""V""], ""dea_number"": ""BG1940335"", ""provider_name"": ""Anthony Gonzalez"", ""expiration_date"": ""2026-12-30""}",,,2025-01-12T03:37:17.273187,"{""parser_version"": ""2.1.0"", ""processing_time_ms"": 2983}"
674bff81-ae9e-4fa0-9694-a0ccbeed571c,provider.do2@example.com,Christopher,Hall,<memory at 0x74955af55240>,43e6df7f-ded1-4eb5-bf69-d01bac4af112,dea,approved,DEA_Certificate_BH5635852.pdf,dea_43e6df7f-ded1-4eb5-bf69-d01bac4af112.pdf,uploads/dea/dea_43e6df7f-ded1-4eb5-bf69-d01bac4af112.pdf,application/pdf,489966.0,2025-10-27T03:37:17.316114,2025-10-27T04:14:17.316115,2025-10-27T07:37:17.316117,0.8506868059032209,conversational,not_validated,0,"{""schedules"": [""II"", ""III"", ""IV"", ""V""], ""dea_number"": ""BH5635852"", ""provider_name"": ""Christopher Hall"", ""expiration_date"": ""2027-03-27""}",,,2025-10-27T03:37:17.316118,"{""parser_version"": ""2.1.0"", ""processing_time_ms"": 1864}"
674bff81-ae9e-4fa0-9694-a0ccbeed571c,provider.do2@example.com,Christopher,Hall,<memory at 0x74955af55300>,7ec84ae4-dd12-4634-9096-c6e65d9ff9e6,state_license,approved,IL_Medical_License_878809.pdf,IL_license_7ec84ae4-dd12-4634-9096-c6e65d9ff9e6.pdf,uploads/licenses/IL_license_7ec84ae4-dd12-4634-9096-c6e65d9ff9e6.pdf,application/pdf,913993.0,2025-09-18T03:37:17.316048,2025-09-18T03:44:17.316050,2025-09-18T11:37:17.316052,0.9022204059532014,conversational,not_validated,0,"{""state"": ""IL"", ""status"": ""active"", ""issue_date"": ""2023-03-25"", ""license_type"": ""DO"", ""provider_name"": ""Christopher Hall"", ""license_number"": ""878809"", ""expiration_date"": ""2026-03-09""}",,,2025-09-18T03:37:17.316054,"{""parser_version"": ""2.1.0"", ""processing_time_ms"": 2439}"
85a2246b-c66b-4d60-9b60-3bef2fd0a1cf,provider.multistate17@example.com,Lauren,Harris,,,,,,,,,,,,,,,,,,,,,
8bcf8670-2b70-4178-9ef5-4929e4c0b96a,provider.multistate15@example.com,Ashley,Jackson,,,,,,,,,,,,,,,,,,,,,
1075e199-d4a7-4e84-9179-8d969996c198,delegate1@credentialmate.com,Danielle,Johnson,,,,,,,,,,,,,,,,,,,,,
3b131fce-d6ca-4e19-a2b7-19fa1aca9baa,provider.md1@example.com,Robert,Johnson,<memory at 0x74955af553c0>,8b462693-1875-400d-9bd7-b730084efb2d,state_license,approved,GA_Medical_License_GA47291.pdf,GA_license_8b462693-1875-400d-9bd7-b730084efb2d.pdf,uploads/licenses/GA_license_8b462693-1875-400d-9bd7-b730084efb2d.pdf,application/pdf,1596608.0,2025-02-27T03:37:17.306663,2025-02-27T03:47:17.306666,2025-03-01T00:37:17.306668,0.9012867884488169,conversational,not_validated,0,"{""state"": ""GA"", ""status"": ""active"", ""issue_date"": ""2020-11-12"", ""license_type"": ""MD"", ""provider_name"": ""Robert Johnson"", ""license_number"": ""GA47291"", ""expiration_date"": ""2026-10-12""}",,,2025-02-27T03:37:17.306670,"{""parser_version"": ""2.1.0"", ""processing_time_ms"": 971}"
3b131fce-d6ca-4e19-a2b7-19fa1aca9baa,provider.md1@example.com,Robert,Johnson,<memory at 0x74955af55480>,1ab900d2-9ada-456e-b428-ab8eedd28896,dea,parsed,DEA_Certificate_FJ4202307.pdf,dea_1ab900d2-9ada-456e-b428-ab8eedd28896.pdf,uploads/dea/dea_1ab900d2-9ada-456e-b428-ab8eedd28896.pdf,application/pdf,205151.0,2025-02-08T03:37:17.306729,2025-02-08T04:13:17.306730,2025-02-09T20:37:17.306732,0.9769034571467913,conversational,not_validated,0,"{""schedules"": [""II"", ""III"", ""IV"", ""V""], ""dea_number"": ""FJ4202307"", ""provider_name"": ""Robert Johnson"", ""expiration_date"": ""2027-08-07""}",,,2025-02-08T03:37:17.306734,"{""parser_version"": ""2.1.0"", ""processing_time_ms"": 946}"
7adfd06b-ef6b-496a-82d7-6e60caa793fc,provider.md5@example.com,Jeffrey,Lawrence,<memory at 0x74955af55540>,9a19fee0-37c4-4c1e-b063-66b578e2a369,state_license,approved,TN_Medical_License_M968806.pdf,TN_license_9a19fee0-37c4-4c1e-b063-66b578e2a369.pdf,uploads/licenses/TN_license_9a19fee0-37c4-4c1e-b063-66b578e2a369.pdf,application/pdf,1154059.0,2025-08-18T03:37:17.282341,2025-08-18T03:45:17.282343,2025-08-18T18:37:17.282345,0.975597805787622,rigid_schema,not_validated,0,"{""state"": ""TN"", ""status"": ""active"", ""issue_date"": ""2023-03-05"", ""license_type"": ""MD"", ""provider_name"": ""Jeffrey Lawrence"", ""license_number"": ""M968806"", ""expiration_date"": ""2027-02-12""}",,,2025-08-18T03:37:17.282347,"{""parser_version"": ""2.1.0"", ""processing_time_ms"": 1852}"
7adfd06b-ef6b-496a-82d7-6e60caa793fc,provider.md5@example.com,Jeffrey,Lawrence,<memory at 0x74955af55600>,03955c8a-dc64-4354-82a6-f915950d3432,dea,approved,DEA_Certificate_AL4301448.pdf,dea_03955c8a-dc64-4354-82a6-f915950d3432.pdf,uploads/dea/dea_03955c8a-dc64-4354-82a6-f915950d3432.pdf,application/pdf,345609.0,2025-08-04T03:37:17.277795,2025-08-04T03:51:17.277796,2025-08-05T16:37:17.277798,0.9392001268289658,conversational,not_validated,0,"{""schedules"": [""II"", ""III"", ""IV"", ""V""], ""dea_number"": ""AL4301448"", ""provider_name"": ""Jeffrey Lawrence"", ""expiration_date"": ""2027-10-18""}",,,2025-08-04T03:37:17.277799,"{""parser_version"": ""2.1.0"", ""processing_time_ms"": 4176}"
7adfd06b-ef6b-496a-82d7-6e60caa793fc,provider.md5@example.com,Jeffrey,Lawrence,<memory at 0x74955af556c0>,39f119d1-f39b-4e60-9cc5-f66609d17fef,state_license,approved,TX_Medical_License_M659675.pdf,TX_license_39f119d1-f39b-4e60-9cc5-f66609d17fef.pdf,uploads/licenses/TX_license_39f119d1-f39b-4e60-9cc5-f66609d17fef.pdf,application/pdf,1546227.0,2025-06-18T03:37:17.271968,2025-06-18T04:02:17.271970,2025-06-19T05:37:17.271973,0.9851128957315491,rigid_schema,not_validated,0,"{""state"": ""TX"", ""status"": ""active"", ""issue_date"": ""2023-12-30"", ""license_type"": ""MD"", ""provider_name"": ""Jeffrey Lawrence"", ""license_number"": ""M659675"", ""expiration_date"": ""2025-12-19""}",,,2025-06-18T03:37:17.271974,"{""parser_version"": ""2.1.0"", ""processing_time_ms"": 1040}"
7adfd06b-ef6b-496a-82d7-6e60caa793fc,provider.md5@example.com,Jeffrey,Lawrence,<memory at 0x74955af55780>,e13a03eb-454f-49fb-b720-95eeb8bccd09,state_license,approved,MO_Medical_License_MO87719.pdf,MO_license_e13a03eb-454f-49fb-b720-95eeb8bccd09.pdf,uploads/licenses/MO_license_e13a03eb-454f-49fb-b720-95eeb8bccd09.pdf,application/pdf,1623559.0,2025-06-09T03:37:17.292687,2025-06-09T04:01:17.292690,2025-06-10T08:37:17.292692,0.9434236392068618,rigid_schema,not_validated,0,"{""state"": ""MO"", ""status"": ""active"", ""issue_date"": ""2020-08-21"", ""license_type"": ""MD"", ""provider_name"": ""Jeffrey Lawrence"", ""license_number"": ""MO87719"", ""expiration_date"": ""2026-07-21""}",,,2025-06-09T03:37:17.292694,"{""parser_version"": ""2.1.0"", ""processing_time_ms"": 2134}"
7adfd06b-ef6b-496a-82d7-6e60caa793fc,provider.md5@example.com,Jeffrey,Lawrence,<memory at 0x74955af55840>,7e9748e3-b2d0-4bca-8201-7cc71a772bba,state_license,parsed,MN_Medical_License_524762.pdf,MN_license_7e9748e3-b2d0-4bca-8201-7cc71a772bba.pdf,uploads/licenses/MN_license_7e9748e3-b2d0-4bca-8201-7cc71a772bba.pdf,application/pdf,1492033.0,2025-06-07T03:37:17.269803,2025-06-07T03:58:17.269806,2025-06-08T18:37:17.269809,0.9650824582069533,conversational,not_validated,0,"{""state"": ""MN"", ""status"": ""active"", ""issue_date"": ""2023-02-09"", ""license_type"": ""MD"", ""provider_name"": ""Jeffrey Lawrence"", ""license_number"": ""524762"", ""expiration_date"": ""2027-01-19""}",,,2025-06-07T03:37:17.269811,"{""parser_version"": ""2.1.0"", ""processing_time_ms"": 4507}"
7adfd06b-ef6b-496a-82d7-6e60caa793fc,provider.md5@example.com,Jeffrey,Lawrence,<memory at 0x74955af55900>,704b0a51-ee75-4041-bf90-df155a261670,dea,approved,DEA_Certificate_FL5610644.pdf,dea_704b0a51-ee75-4041-bf90-df155a261670.pdf,uploads/dea/dea_704b0a51-ee75-4041-bf90-df155a261670.pdf,application/pdf,406401.0,2025-06-01T03:37:17.272038,2025-06-01T04:22:17.272039,2025-06-02T09:37:17.272040,0.9489476545138433,conversational,not_validated,0,"{""schedules"": [""II"", ""III"", ""IV"", ""V""], ""dea_number"": ""FL5610644"", ""provider_name"": ""Jeffrey Lawrence"", ""expiration_date"": ""2027-01-20""}",,,2025-06-01T03:37:17.272042,"{""parser_version"": ""2.1.0"", ""processing_time_ms"": 4391}"
7adfd06b-ef6b-496a-82d7-6e60caa793fc,provider.md5@example.com,Jeffrey,Lawrence,<memory at 0x74955af559c0>,62693a29-b3d6-477a-bf80-e5589505ae24,state_license,approved,NC_Medical_License_NC39485.pdf,NC_license_62693a29-b3d6-477a-bf80-e5589505ae24.pdf,uploads/licenses/NC_license_62693a29-b3d6-477a-bf80-e5589505ae24.pdf,application/pdf,1687947.0,2025-04-29T03:37:17.277733,2025-04-29T03:39:17.277736,2025-04-30T01:37:17.277738,0.8783353424075252,conversational,not_validated,0,"{""state"": ""NC"", ""status"": ""active"", ""issue_date"": ""2024-11-25"", ""license_type"": ""MD"", ""provider_name"": ""Jeffrey Lawrence"", ""license_number"": ""NC39485"", ""expiration_date"": ""2025-11-20""}",,,2025-04-29T03:37:17.277740,"{""parser_version"": ""2.1.0"", ""processing_time_ms"": 3390}"
7adfd06b-ef6b-496a-82d7-6e60caa793fc,provider.md5@example.com,Jeffrey,Lawrence,<memory at 0x74955af55a80>,0f792229-e117-4072-9bd8-e66767f8b5b3,dea,parsed,DEA_Certificate_BL9599886.pdf,dea_0f792229-e117-4072-9bd8-e66767f8b5b3.pdf,uploads/dea/dea_0f792229-e117-4072-9bd8-e66767f8b5b3.pdf,application/pdf,240852.0,2025-01-19T03:37:17.282409,2025-01-19T03:44:17.282409,2025-01-22T03:37:17.282411,0.8846092359203975,conversational,not_validated,0,"{""schedules"": [""II"", ""III"", ""IV"", ""V""], ""dea_number"": ""BL9599886"", ""provider_name"": ""Jeffrey Lawrence"", ""expiration_date"": ""2028-08-29""}",,,2025-01-19T03:37:17.282413,"{""parser_version"": ""2.1.0"", ""processing_time_ms"": 4576}"
4a56b754-ba1d-4887-98ff-ed901688310c,provider.multistate5@example.com,Jennifer,Lee,,,,,,,,,,,,,,,,,,,,,
4f22db35-deae-4403-88ed-b517c8d063d2,provider.do7@example.com,Deborah,Lynch,<memory at 0x74955af55b40>,fc755ab4-b9bb-4e25-a70f-62fc8acee041,state_license,approved,ME_Medical_License_ME51298.pdf,ME_license_fc755ab4-b9bb-4e25-a70f-62fc8acee041.pdf,uploads/licenses/ME_license_fc755ab4-b9bb-4e25-a70f-62fc8acee041.pdf,application/pdf,1918689.0,2025-09-16T03:37:17.289172,2025-09-16T03:42:17.289174,2025-09-18T03:37:17.289176,0.9342966199591156,conversational,not_validated,0,"{""state"": ""ME"", ""status"": ""active"", ""issue_date"": ""2022-04-24"", ""license_type"": ""DO"", ""provider_name"": ""Deborah Lynch"", ""license_number"": ""ME51298"", ""expiration_date"": ""2026-04-03""}",,,2025-09-16T03:37:17.289178,"{""parser_version"": ""2.1.0"", ""processing_time_ms"": 2440}"
57363126-3a3f-4da4-be1a-bd14ed520dd3,provider.multistate18@example.com,Andrew,Martin,,,,,,,,,,,,,,,,,,,,,
185350dd-85d5-41d1-9001-aa65c6015409,provider.multistate8@example.com,Robert,Martinez,,,,,,,,,,,,,,,,,,,,,
b8f30691-2d18-4add-bee3-367020a3437c,delegate4@credentialmate.com,Patricia,Miller,,,,,,,,,,,,,,,,,,,,,
fa59c386-dbb7-4a6b-893e-6154cb626056,provider.multistate1@example.com,Sarah,Mitchell,,,,,,,,,,,,,,,,,,,,,
a1d94598-df18-4897-9311-a777533da27c,provider.md15@example.com,Maria,Montgomery,<memory at 0x74955af55c00>,96fd30dc-4e11-4860-8ecc-82e1ea28e605,state_license,parsed,CA_Medical_License_M278707.pdf,CA_license_96fd30dc-4e11-4860-8ecc-82e1ea28e605.pdf,uploads/licenses/CA_license_96fd30dc-4e11-4860-8ecc-82e1ea28e605.pdf,application/pdf,1126408.0,2025-06-01T03:37:17.307828,2025-06-01T04:00:17.307830,2025-06-01T12:37:17.307832,0.9141451329890831,conversational,not_validated,0,"{""state"": ""CA"", ""status"": ""active"", ""issue_date"": ""2024-06-28"", ""license_type"": ""MD"", ""provider_name"": ""Maria Montgomery"", ""license_number"": ""M278707"", ""expiration_date"": ""2026-06-18""}",,,2025-06-01T03:37:17.307834,"{""parser_version"": ""2.1.0"", ""processing_time_ms"": 3821}"
a1d94598-df18-4897-9311-a777533da27c,provider.md15@example.com,Maria,Montgomery,<memory at 0x74955af55cc0>,66affb93-0e5b-489b-a9a6-fe17547ab3b9,board_certification,approved,Board_Certification_Cardiology.pdf,board_cert_66affb93-0e5b-489b-a9a6-fe17547ab3b9.pdf,uploads/certifications/board_cert_66affb93-0e5b-489b-a9a6-fe17547ab3b9.pdf,application/pdf,217034.0,2025-04-08T03:37:17.316520,2025-04-08T03:57:17.316521,2025-04-09T12:37:17.316523,0.9362196998772749,rigid_schema,not_validated,0,"{""board"": ""American Board of Medical Specialties"", ""specialty"": ""Cardiology"", ""provider_name"": ""Maria Montgomery"", ""expiration_date"": ""2028-10-02"", ""certification_date"": ""2020-03-20""}",,,2025-04-08T03:37:17.316524,"{""parser_version"": ""2.1.0"", ""processing_time_ms"": 7322}"
a1d94598-df18-4897-9311-a777533da27c,provider.md15@example.com,Maria,Montgomery,<memory at 0x74955af55d80>,4b163049-1f2e-42db-84e4-7535645ba39a,dea,approved,DEA_Certificate_AM5871979.pdf,dea_4b163049-1f2e-42db-84e4-7535645ba39a.pdf,uploads/dea/dea_4b163049-1f2e-42db-84e4-7535645ba39a.pdf,application/pdf,150328.0,2025-03-02T03:37:17.307894,2025-03-02T03:41:17.307895,2025-03-02T16:37:17.307897,0.853252862956598,conversational,not_validated,0,"{""schedules"": [""II"", ""III"", ""IV"", ""V""], ""dea_number"": ""AM5871979"", ""provider_name"": ""Maria Montgomery"", ""expiration_date"": ""2027-01-18""}",,,2025-03-02T03:37:17.307898,"{""parser_version"": ""2.1.0"", ""processing_time_ms"": 2260}"
accbf163-20e8-4cd6-ab15-e17225c4e86f,provider.multistate14@example.com,Matthew,Moore,,,,,,,,,,,,,,,,,,,,,
26065ac9-f6dd-4607-86d1-50ad72d210cf,provider.md8@example.com,Matthew,Moore,<memory at 0x74955af55e40>,e253805f-f840-4e5b-9a1a-fe67bb951172,state_license,approved,NV_Medical_License_M656769.pdf,NV_license_e253805f-f840-4e5b-9a1a-fe67bb951172.pdf,uploads/licenses/NV_license_e253805f-f840-4e5b-9a1a-fe67bb951172.pdf,application/pdf,928270.0,2025-02-08T03:37:17.274264,2025-02-08T04:02:17.274267,2025-02-10T00:37:17.274270,0.9156867561172128,conversational,not_validated,0,"{""state"": ""NV"", ""status"": ""active"", ""issue_date"": ""2024-11-11"", ""license_type"": ""MD"", ""provider_name"": ""Matthew Moore"", ""license_number"": ""M656769"", ""expiration_date"": ""2026-11-01""}",,,2025-02-08T03:37:17.274272,"{""parser_version"": ""2.1.0"", ""processing_time_ms"": 1918}"
3284c238-2617-496d-b711-efb1699caa5c,provider.md11@example.com,Melanie,Munoz,<memory at 0x74955af55f00>,1e20f49f-3c10-45a0-874b-3b671389235f,state_license,parsed,DE_Medical_License_DE78608.pdf,DE_license_1e20f49f-3c10-45a0-874b-3b671389235f.pdf,uploads/licenses/DE_license_1e20f49f-3c10-45a0-874b-3b671389235f.pdf,application/pdf,1308396.0,2025-07-08T03:37:17.305576,2025-07-08T03:39:17.305579,2025-07-08T15:37:17.305581,0.968225464317923,conversational,not_validated,0,"{""state"": ""DE"", ""status"": ""active"", ""issue_date"": ""2023-09-22"", ""license_type"": ""MD"", ""provider_name"": ""Melanie Munoz"", ""license_number"": ""DE78608"", ""expiration_date"": ""2027-09-01""}",,,2025-07-08T03:37:17.305583,"{""parser_version"": ""2.1.0"", ""processing_time_ms"": 1905}"
3284c238-2617-496d-b711-efb1699caa5c,provider.md11@example.com,Melanie,Munoz,<memory at 0x74955af55fc0>,b41e19e6-91b4-4e1a-9d4e-42e00dd5d01d,board_certification,approved,Board_Certification_Internal Medicine.pdf,board_cert_b41e19e6-91b4-4e1a-9d4e-42e00dd5d01d.pdf,uploads/certifications/board_cert_b41e19e6-91b4-4e1a-9d4e-42e00dd5d01d.pdf,application/pdf,467637.0,2025-01-13T03:37:17.316566,2025-01-13T03:48:17.316567,2025-01-16T16:37:17.316568,0.945531953346337,rigid_schema,not_validated,0,"{""board"": ""American Board of Medical Specialties"", ""specialty"": ""Internal Medicine"", ""provider_name"": ""Melanie Munoz"", ""expiration_date"": ""2028-11-05"", ""certification_date"": ""2018-06-22""}",,,2025-01-13T03:37:17.316570,"{""parser_version"": ""2.1.0"", ""processing_time_ms"": 3763}"
3284c238-2617-496d-b711-efb1699caa5c,provider.md11@example.com,Melanie,Munoz,<memory at 0x74955af56080>,86da0b6b-c78b-49db-9832-9a0a51165be4,dea,approved,DEA_Certificate_AM7621296.pdf,dea_86da0b6b-c78b-49db-9832-9a0a51165be4.pdf,uploads/dea/dea_86da0b6b-c78b-49db-9832-9a0a51165be4.pdf,application/pdf,309111.0,2024-11-20T03:37:17.305644,2024-11-20T04:04:17.305644,2024-11-20T18:37:17.305646,0.9456271309207054,conversational,not_validated,0,"{""schedules"": [""II"", ""III"", ""IV"", ""V""], ""dea_number"": ""AM7621296"", ""provider_name"": ""Melanie Munoz"", ""expiration_date"": ""2028-10-12""}",,,2024-11-20T03:37:17.305648,"{""parser_version"": ""2.1.0"", ""processing_time_ms"": 1118}"
1b3edd84-e3cc-442d-92c7-79ea86c40737,compliance@blueshift.com,Compliance,Officer,,,,,,,,,,,,,,,,,,,,,
e6cc3f67-a3e9-4ec0-b12f-91e68879a826,provider.do3@example.com,Craig,Ramirez,<memory at 0x74955af56140>,dc7f9157-9941-4ec3-8c9b-619202fb2323,state_license,parsed,LA_Medical_License_888871.pdf,LA_license_dc7f9157-9941-4ec3-8c9b-619202fb2323.pdf,uploads/licenses/LA_license_dc7f9157-9941-4ec3-8c9b-619202fb2323.pdf,application/pdf,1620547.0,2025-05-12T03:37:17.309069,2025-05-12T03:53:17.309071,2025-05-13T07:37:17.309073,0.8680629082365212,rigid_schema,not_validated,0,"{""state"": ""LA"", ""status"": ""active"", ""issue_date"": ""2024-02-28"", ""license_type"": ""DO"", ""provider_name"": ""Craig Ramirez"", ""license_number"": ""888871"", ""expiration_date"": ""2026-02-17""}",,,2025-05-12T03:37:17.309075,"{""parser_version"": ""2.1.0"", ""processing_time_ms"": 3805}"
c67d6e03-3bd1-491d-baf7-013cc4fd0a1b,provider.md16@example.com,Michelle,Ray,<memory at 0x74955af56200>,d0c854d8-2438-405e-97e1-973aafa9170a,state_license,parsed,MS_Medical_License_MS63413.pdf,MS_license_d0c854d8-2438-405e-97e1-973aafa9170a.pdf,uploads/licenses/MS_license_d0c854d8-2438-405e-97e1-973aafa9170a.pdf,application/pdf,973013.0,2025-09-22T03:37:17.297518,2025-09-22T03:59:17.297521,2025-09-23T08:37:17.297524,0.8900487309479673,conversational,not_validated,0,"{""state"": ""MS"", ""status"": ""active"", ""issue_date"": ""2022-08-03"", ""license_type"": ""MD"", ""provider_name"": ""Michelle Ray"", ""license_number"": ""MS63413"", ""expiration_date"": ""2026-07-13""}",,,2025-09-22T03:37:17.297526,"{""parser_version"": ""2.1.0"", ""processing_time_ms"": 3178}"
c67d6e03-3bd1-491d-baf7-013cc4fd0a1b,provider.md16@example.com,Michelle,Ray,<memory at 0x74955af562c0>,d04b601e-b2ae-4c2a-91ea-3b54faa0d22c,dea,parsed,DEA_Certificate_FR8550370.pdf,dea_d04b601e-b2ae-4c2a-91ea-3b54faa0d22c.pdf,uploads/dea/dea_d04b601e-b2ae-4c2a-91ea-3b54faa0d22c.pdf,application/pdf,192587.0,2025-06-12T03:37:17.304440,2025-06-12T03:55:17.304440,2025-06-13T19:37:17.304442,0.9440501180663236,conversational,not_validated,0,"{""schedules"": [""II"", ""III"", ""IV"", ""V""], ""dea_number"": ""FR8550370"", ""provider_name"": ""Michelle Ray"", ""expiration_date"": ""2026-11-24""}",,,2025-06-12T03:37:17.304444,"{""parser_version"": ""2.1.0"", ""processing_time_ms"": 5356}"
c67d6e03-3bd1-491d-baf7-013cc4fd0a1b,provider.md16@example.com,Michelle,Ray,<memory at 0x74955af56380>,c0e142ed-4645-4b17-bb87-1c76ad794ead,state_license,approved,CT_Medical_License_M785196.pdf,CT_license_c0e142ed-4645-4b17-bb87-1c76ad794ead.pdf,uploads/licenses/CT_license_c0e142ed-4645-4b17-bb87-1c76ad794ead.pdf,application/pdf,1170847.0,2025-03-16T03:37:17.304375,2025-03-16T04:06:17.304377,2025-03-17T10:37:17.304380,0.973189227952357,conversational,not_validated,0,"{""state"": ""CT"", ""status"": ""active"", ""issue_date"": ""2022-12-20"", ""license_type"": ""MD"", ""provider_name"": ""Michelle Ray"", ""license_number"": ""M785196"", ""expiration_date"": ""2026-11-29""}",,,2025-03-16T03:37:17.304381,"{""parser_version"": ""2.1.0"", ""processing_time_ms"": 2118}"
b2c0ff18-ee69-4ad1-8beb-60da720a6702,delegate3@credentialmate.com,Jill,Rhodes,,,,,,,,,,,,,,,,,,,,,
88f6d03a-79a6-403f-a4d4-41c970254a57,provider.do1@example.com,Jeremy,Roberts,<memory at 0x74955af56440>,869bb8f2-30c3-4045-b9ed-320234543c50,dea,approved,DEA_Certificate_BR3059593.pdf,dea_869bb8f2-30c3-4045-b9ed-320234543c50.pdf,uploads/dea/dea_869bb8f2-30c3-4045-b9ed-320234543c50.pdf,application/pdf,276442.0,2025-04-26T03:37:17.268733,2025-04-26T03:58:17.268734,2025-04-28T04:37:17.268736,0.8188717962921331,conversational,not_validated,0,"{""schedules"": [""II"", ""III"", ""IV"", ""V""], ""dea_number"": ""BR3059593"", ""provider_name"": ""Jeremy Roberts"", ""expiration_date"": ""2027-01-24""}",,,2025-04-26T03:37:17.268738,"{""parser_version"": ""2.1.0"", ""processing_time_ms"": 5228}"
88f6d03a-79a6-403f-a4d4-41c970254a57,provider.do1@example.com,Jeremy,Roberts,<memory at 0x74955af56500>,0ea10536-60c4-4e0a-be5b-60592794b23d,state_license,approved,MT_Medical_License_MT56595.pdf,MT_license_0ea10536-60c4-4e0a-be5b-60592794b23d.pdf,uploads/licenses/MT_license_0ea10536-60c4-4e0a-be5b-60592794b23d.pdf,application/pdf,274834.0,2025-04-03T03:37:17.268655,2025-04-03T03:51:17.268657,2025-04-04T18:37:17.268660,0.8709050805391902,conversational,not_validated,0,"{""state"": ""MT"", ""status"": ""active"", ""issue_date"": ""2022-01-13"", ""license_type"": ""DO"", ""provider_name"": ""Jeremy Roberts"", ""license_number"": ""MT56595"", ""expiration_date"": ""2025-12-23""}",,,2025-04-03T03:37:17.268662,"{""parser_version"": ""2.1.0"", ""processing_time_ms"": 2037}"
88f6d03a-79a6-403f-a4d4-41c970254a57,provider.do1@example.com,Jeremy,Roberts,<memory at 0x74955af565c0>,49b7906d-c3f1-4975-a54e-7cc273c3816d,state_license,approved,ND_Medical_License_194313.pdf,ND_license_49b7906d-c3f1-4975-a54e-7cc273c3816d.pdf,uploads/licenses/ND_license_49b7906d-c3f1-4975-a54e-7cc273c3816d.pdf,application/pdf,116817.0,2025-03-17T03:37:17.302172,2025-03-17T04:00:17.302175,2025-03-18T00:37:17.302177,0.9551013231051191,conversational,not_validated,0,"{""state"": ""ND"", ""status"": ""active"", ""issue_date"": ""2021-12-07"", ""license_type"": ""DO"", ""provider_name"": ""Jeremy Roberts"", ""license_number"": ""194313"", ""expiration_date"": ""2026-11-11""}",,,2025-03-17T03:37:17.302179,"{""parser_version"": ""2.1.0"", ""processing_time_ms"": 4546}"
5cceced5-cde2-424b-84ac-9ff26f1e06f6,provider.multistate3@example.com,Maria,Rodriguez,,,,,,,,,,,,,,,,,,,,,
c5a4c0d9-24a9-4717-8d6d-be4442bf0084,provider.md9@example.com,Susan,Rogers,<memory at 0x74955af56680>,1dddfb3d-42fa-4db9-9430-d5fc6cf99b9d,state_license,approved,TX_Medical_License_TX25500.pdf,TX_license_1dddfb3d-42fa-4db9-9430-d5fc6cf99b9d.pdf,uploads/licenses/TX_license_1dddfb3d-42fa-4db9-9430-d5fc6cf99b9d.pdf,application/pdf,778688.0,2025-10-18T03:37:17.283472,2025-10-18T03:38:17.283475,2025-10-19T08:37:17.283477,0.8701898424808462,conversational,not_validated,0,"{""state"": ""TX"", ""status"": ""active"", ""issue_date"": ""2023-09-19"", ""license_type"": ""MD"", ""provider_name"": ""Susan Rogers"", ""license_number"": ""TX25500"", ""expiration_date"": ""2027-08-29""}",,,2025-10-18T03:37:17.283478,"{""parser_version"": ""2.1.0"", ""processing_time_ms"": 1358}"
c5a4c0d9-24a9-4717-8d6d-be4442bf0084,provider.md9@example.com,Susan,Rogers,<memory at 0x74955af56740>,c9f6a960-660c-45d8-9c7d-34e7cbb8d0e3,state_license,approved,WA_Medical_License_805927.pdf,WA_license_c9f6a960-660c-45d8-9c7d-34e7cbb8d0e3.pdf,uploads/licenses/WA_license_c9f6a960-660c-45d8-9c7d-34e7cbb8d0e3.pdf,application/pdf,1376857.0,2025-10-13T03:37:17.275457,2025-10-13T03:53:17.275459,2025-10-14T23:37:17.275461,0.8659010315343326,rigid_schema,not_validated,0,"{""state"": ""WA"", ""status"": ""active"", ""issue_date"": ""2020-11-02"", ""license_type"": ""MD"", ""provider_name"": ""Susan Rogers"", ""license_number"": ""805927"", ""expiration_date"": ""2026-10-02""}",,,2025-10-13T03:37:17.275463,"{""parser_version"": ""2.1.0"", ""processing_time_ms"": 4019}"
c5a4c0d9-24a9-4717-8d6d-be4442bf0084,provider.md9@example.com,Susan,Rogers,<memory at 0x74955af56800>,68f0a1d4-1361-47e1-ba78-a863a6032073,dea,approved,DEA_Certificate_BR8814801.pdf,dea_68f0a1d4-1361-47e1-ba78-a863a6032073.pdf,uploads/dea/dea_68f0a1d4-1361-47e1-ba78-a863a6032073.pdf,application/pdf,106795.0,2025-05-26T03:37:17.275521,2025-05-26T04:02:17.275522,2025-05-27T17:37:17.275524,0.826738542013383,conversational,not_validated,0,"{""schedules"": [""II"", ""III"", ""IV"", ""V""], ""dea_number"": ""BR8814801"", ""provider_name"": ""Susan Rogers"", ""expiration_date"": ""2026-09-15""}",,,2025-05-26T03:37:17.275525,"{""parser_version"": ""2.1.0"", ""processing_time_ms"": 2223}"
c5a4c0d9-24a9-4717-8d6d-be4442bf0084,provider.md9@example.com,Susan,Rogers,<memory at 0x74955af568c0>,8f932205-5d3a-43bf-aa4d-deaae981aff7,dea,approved,DEA_Certificate_AR3954337.pdf,dea_8f932205-5d3a-43bf-aa4d-deaae981aff7.pdf,uploads/dea/dea_8f932205-5d3a-43bf-aa4d-deaae981aff7.pdf,application/pdf,166320.0,2025-01-01T03:37:17.283537,2025-01-01T04:15:17.283538,2025-01-01T11:37:17.283539,0.896266875149049,conversational,not_validated,0,"{""schedules"": [""II"", ""III"", ""IV"", ""V""], ""dea_number"": ""AR3954337"", ""provider_name"": ""Susan Rogers"", ""expiration_date"": ""2027-09-16""}",,,2025-01-01T03:37:17.283541,"{""parser_version"": ""2.1.0"", ""processing_time_ms"": 1032}"
c5a4c0d9-24a9-4717-8d6d-be4442bf0084,provider.md9@example.com,Susan,Rogers,<memory at 0x74955af56980>,7b1ac949-71ef-4e3e-9ec5-0d7ea66a6fe9,board_certification,approved,Board_Certification_Pediatrics.pdf,board_cert_7b1ac949-71ef-4e3e-9ec5-0d7ea66a6fe9.pdf,uploads/certifications/board_cert_7b1ac949-71ef-4e3e-9ec5-0d7ea66a6fe9.pdf,application/pdf,760578.0,2024-07-14T03:37:17.316475,2024-07-14T03:47:17.316476,2024-07-16T09:37:17.316477,0.9563025975663686,rigid_schema,not_validated,0,"{""board"": ""American Board of Medical Specialties"", ""specialty"": ""Pediatrics"", ""provider_name"": ""Susan Rogers"", ""expiration_date"": ""2031-04-28"", ""certification_date"": ""2018-08-28""}",,,2024-07-14T03:37:17.316479,"{""parser_version"": ""2.1.0"", ""processing_time_ms"": 4282}"
c266125f-2cd5-4996-99e5-ab572dedc12e,provider.md6@example.com,Lisa,Smith,<memory at 0x74955af56a40>,fa0a5bec-0f4d-48bb-92e4-2fe193b4eeca,dea,approved,DEA_Certificate_FS5688936.pdf,dea_fa0a5bec-0f4d-48bb-92e4-2fe193b4eeca.pdf,uploads/dea/dea_fa0a5bec-0f4d-48bb-92e4-2fe193b4eeca.pdf,application/pdf,457821.0,2025-09-21T03:37:17.265043,2025-09-21T03:39:17.265044,2025-09-21T06:37:17.265046,0.9114765157575602,conversational,not_validated,0,"{""schedules"": [""II"", ""III"", ""IV"", ""V""], ""dea_number"": ""FS5688936"", ""provider_name"": ""Lisa Smith"", ""expiration_date"": ""2028-03-30""}",,,2025-09-21T03:37:17.265048,"{""parser_version"": ""2.1.0"", ""processing_time_ms"": 1951}"
c266125f-2cd5-4996-99e5-ab572dedc12e,provider.md6@example.com,Lisa,Smith,<memory at 0x74955af56b00>,5e94d450-8527-4b50-8c45-538401e1632f,state_license,approved,CT_Medical_License_485635.pdf,CT_license_5e94d450-8527-4b50-8c45-538401e1632f.pdf,uploads/licenses/CT_license_5e94d450-8527-4b50-8c45-538401e1632f.pdf,application/pdf,691872.0,2025-09-15T03:37:17.280136,2025-09-15T03:48:17.280138,2025-09-16T17:37:17.280140,0.923582707348755,conversational,not_validated,0,"{""state"": ""CT"", ""status"": ""active"", ""issue_date"": ""2021-10-25"", ""license_type"": ""MD"", ""provider_name"": ""Lisa Smith"", ""license_number"": ""485635"", ""expiration_date"": ""2027-09-24""}",,,2025-09-15T03:37:17.280142,"{""parser_version"": ""2.1.0"", ""processing_time_ms"": 1651}"
c266125f-2cd5-4996-99e5-ab572dedc12e,provider.md6@example.com,Lisa,Smith,<memory at 0x74955af56bc0>,2eb3ccc0-8929-4229-9f78-aad3a6b66078,dea,parsed,DEA_Certificate_AS1034498.pdf,dea_2eb3ccc0-8929-4229-9f78-aad3a6b66078.pdf,uploads/dea/dea_2eb3ccc0-8929-4229-9f78-aad3a6b66078.pdf,application/pdf,66593.0,2025-08-27T03:37:17.310246,2025-08-27T03:55:17.310247,2025-08-27T07:37:17.310249,0.9165769367797719,conversational,not_validated,0,"{""schedules"": [""II"", ""III"", ""IV"", ""V""], ""dea_number"": ""AS1034498"", ""provider_name"": ""Lisa Smith"", ""expiration_date"": ""2026-12-24""}",,,2025-08-27T03:37:17.310250,"{""parser_version"": ""2.1.0"", ""processing_time_ms"": 3025}"
c266125f-2cd5-4996-99e5-ab572dedc12e,provider.md6@example.com,Lisa,Smith,<memory at 0x74955af56c80>,e317d312-1c72-48bd-8b66-f1e6c55914ab,state_license,parsed,CO_Medical_License_M519967.pdf,CO_license_e317d312-1c72-48bd-8b66-f1e6c55914ab.pdf,uploads/licenses/CO_license_e317d312-1c72-48bd-8b66-f1e6c55914ab.pdf,application/pdf,1438889.0,2025-08-16T03:37:17.310180,2025-08-16T03:43:17.310182,2025-08-16T17:37:17.310185,0.890291942668111,rigid_schema,not_validated,0,"{""state"": ""CO"", ""status"": ""active"", ""issue_date"": ""2021-05-05"", ""license_type"": ""MD"", ""provider_name"": ""Lisa Smith"", ""license_number"": ""M519967"", ""expiration_date"": ""2027-04-04""}",,,2025-08-16T03:37:17.310186,"{""parser_version"": ""2.1.0"", ""processing_time_ms"": 2845}"
c266125f-2cd5-4996-99e5-ab572dedc12e,provider.md6@example.com,Lisa,Smith,<memory at 0x74955af56d40>,4c1f1c88-30e0-4d86-a6b5-bd811a451fec,state_license,approved,IL_Medical_License_613541.pdf,IL_license_4c1f1c88-30e0-4d86-a6b5-bd811a451fec.pdf,uploads/licenses/IL_license_4c1f1c88-30e0-4d86-a6b5-bd811a451fec.pdf,application/pdf,1314930.0,2025-07-20T03:37:17.295137,2025-07-20T03:57:17.295140,2025-07-20T09:37:17.295142,0.8551683134719289,conversational,not_validated,0,"{""state"": ""IL"", ""status"": ""active"", ""issue_date"": ""2021-04-08"", ""license_type"": ""MD"", ""provider_name"": ""Lisa Smith"", ""license_number"": ""613541"", ""expiration_date"": ""2027-03-08""}",,,2025-07-20T03:37:17.295144,"{""parser_version"": ""2.1.0"", ""processing_time_ms"": 4619}"
c266125f-2cd5-4996-99e5-ab572dedc12e,provider.md6@example.com,Lisa,Smith,<memory at 0x74955af56e00>,3388ad38-6fad-4abe-9ded-159374bea1f1,state_license,parsed,WV_Medical_License_M342011.pdf,WV_license_3388ad38-6fad-4abe-9ded-159374bea1f1.pdf,uploads/licenses/WV_license_3388ad38-6fad-4abe-9ded-159374bea1f1.pdf,application/pdf,187041.0,2025-07-16T03:37:17.276614,2025-07-16T03:46:17.276616,2025-07-16T20:37:17.276619,0.91836362955189,conversational,not_validated,0,"{""state"": ""WV"", ""status"": ""active"", ""issue_date"": ""2022-03-28"", ""license_type"": ""MD"", ""provider_name"": ""Lisa Smith"", ""license_number"": ""M342011"", ""expiration_date"": ""2026-03-07""}",,,2025-07-16T03:37:17.276620,"{""parser_version"": ""2.1.0"", ""processing_time_ms"": 2540}"
c266125f-2cd5-4996-99e5-ab572dedc12e,provider.md6@example.com,Lisa,Smith,<memory at 0x74955af56ec0>,70724ee0-88d6-4824-a70a-e70640fcf299,dea,approved,DEA_Certificate_FS2833381.pdf,dea_70724ee0-88d6-4824-a70a-e70640fcf299.pdf,uploads/dea/dea_70724ee0-88d6-4824-a70a-e70640fcf299.pdf,application/pdf,420840.0,2025-06-27T03:37:17.286960,2025-06-27T03:47:17.286960,2025-06-28T19:37:17.286962,0.8129212687674021,conversational,not_validated,0,"{""schedules"": [""II"", ""III"", ""IV"", ""V""], ""dea_number"": ""FS2833381"", ""provider_name"": ""Lisa Smith"", ""expiration_date"": ""2028-06-16""}",,,2025-06-27T03:37:17.286963,"{""parser_version"": ""2.1.0"", ""processing_time_ms"": 3897}"
c266125f-2cd5-4996-99e5-ab572dedc12e,provider.md6@example.com,Lisa,Smith,<memory at 0x74955af56f80>,da4f3ce4-6d93-4004-b964-ef2cc63eccf1,state_license,approved,NJ_Medical_License_768436.pdf,NJ_license_da4f3ce4-6d93-4004-b964-ef2cc63eccf1.pdf,uploads/licenses/NJ_license_da4f3ce4-6d93-4004-b964-ef2cc63eccf1.pdf,application/pdf,1377337.0,2025-06-08T03:37:17.286896,2025-06-08T03:38:17.286899,2025-06-09T23:37:17.286901,0.8808051705289036,rigid_schema,not_validated,0,"{""state"": ""NJ"", ""status"": ""active"", ""issue_date"": ""2020-06-20"", ""license_type"": ""MD"", ""provider_name"": ""Lisa Smith"", ""license_number"": ""768436"", ""expiration_date"": ""2026-05-20""}",,,2025-06-08T03:37:17.286902,"{""parser_version"": ""2.1.0"", ""processing_time_ms"": 810}"
c266125f-2cd5-4996-99e5-ab572dedc12e,provider.md6@example.com,Lisa,Smith,<memory at 0x74955af57040>,a893ef8d-4a30-44eb-a94f-1972f720263c,dea,approved,DEA_Certificate_BS8008631.pdf,dea_a893ef8d-4a30-44eb-a94f-1972f720263c.pdf,uploads/dea/dea_a893ef8d-4a30-44eb-a94f-1972f720263c.pdf,application/pdf,338117.0,2025-03-05T03:37:17.276678,2025-03-05T03:42:17.276679,2025-03-06T18:37:17.276681,0.9284441584639461,conversational,not_validated,0,"{""schedules"": [""II"", ""III"", ""IV"", ""V""], ""dea_number"": ""BS8008631"", ""provider_name"": ""Lisa Smith"", ""expiration_date"": ""2027-07-08""}",,,2025-03-05T03:37:17.276683,"{""parser_version"": ""2.1.0"", ""processing_time_ms"": 3672}"
c266125f-2cd5-4996-99e5-ab572dedc12e,provider.md6@example.com,Lisa,Smith,<memory at 0x74955af57100>,f7aed18b-fcdf-4b39-901a-b4c0419f6839,state_license,approved,AL_Medical_License_140315.pdf,AL_license_f7aed18b-fcdf-4b39-901a-b4c0419f6839.pdf,uploads/licenses/AL_license_f7aed18b-fcdf-4b39-901a-b4c0419f6839.pdf,application/pdf,1013970.0,2025-01-09T03:37:17.264920,2025-01-09T03:53:17.264924,2025-01-10T17:37:17.264927,0.9154738781952296,rigid_schema,not_validated,0,"{""state"": ""AL"", ""status"": ""active"", ""issue_date"": ""2020-08-23"", ""license_type"": ""MD"", ""provider_name"": ""Lisa Smith"", ""license_number"": ""140315"", ""expiration_date"": ""2026-07-23""}",,,2025-01-09T03:37:17.264929,"{""parser_version"": ""2.1.0"", ""processing_time_ms"": 1691}"
c266125f-2cd5-4996-99e5-ab572dedc12e,provider.md6@example.com,Lisa,Smith,<memory at 0x74955af571c0>,1a9b393f-04b7-45cc-b20e-0be4f109df2f,board_certification,approved,Board_Certification_Emergency Medicine.pdf,board_cert_1a9b393f-04b7-45cc-b20e-0be4f109df2f.pdf,uploads/certifications/board_cert_1a9b393f-04b7-45cc-b20e-0be4f109df2f.pdf,application/pdf,827737.0,2024-04-10T03:37:17.316610,2024-04-10T04:36:17.316610,2024-04-10T22:37:17.316612,0.9694647778804718,rigid_schema,not_validated,0,"{""board"": ""American Board of Medical Specialties"", ""specialty"": ""Emergency Medicine"", ""provider_name"": ""Lisa Smith"", ""expiration_date"": ""2027-12-16"", ""certification_date"": ""2018-01-30""}",,,2024-04-10T03:37:17.316613,"{""parser_version"": ""2.1.0"", ""processing_time_ms"": 1340}"
b6da3cc0-e04d-40f2-a66a-ae2d1d34a4f3,support@blueshift.com,Support,Specialist,,,,,,,,,,,,,,,,,,,,,
6e49c92c-c537-407b-9b9b-a2dd9508f60b,provider.multistate9@example.com,Emily,Taylor,,,,,,,,,,,,,,,,,,,,,
24ee2083-87ec-4360-96db-cbd86ceeaa30,provider.multistate4@example.com,James,Thompson,,,,,,,,,,,,,,,,,,,,,
1631742a-7a95-43fa-8127-e90544f8fa95,provider.multistate19@example.com,Rachel,Thompson,,,,,,,,,,,,,,,,,,,,,
1839a55e-e919-4eba-bd15-f823c2fb760f,provider.md2@example.com,Jeffery,Wagner,<memory at 0x74955af57280>,c9c4c427-5835-464b-b00b-af46b8564526,state_license,parsed,UT_Medical_License_UT48782.pdf,UT_license_c9c4c427-5835-464b-b00b-af46b8564526.pdf,uploads/licenses/UT_license_c9c4c427-5835-464b-b00b-af46b8564526.pdf,application/pdf,1593377.0,2025-09-09T03:37:17.312528,2025-09-09T03:43:17.312530,2025-09-09T22:37:17.312532,0.8650551733593027,rigid_schema,not_validated,0,"{""state"": ""UT"", ""status"": ""active"", ""issue_date"": ""2021-02-06"", ""license_type"": ""MD"", ""provider_name"": ""Jeffery Wagner"", ""license_number"": ""UT48782"", ""expiration_date"": ""2027-01-06""}",,,2025-09-09T03:37:17.312534,"{""parser_version"": ""2.1.0"", ""processing_time_ms"": 1614}"
1839a55e-e919-4eba-bd15-f823c2fb760f,provider.md2@example.com,Jeffery,Wagner,<memory at 0x74955af57340>,1c4d03ae-a510-41f0-9857-5af4721a3031,board_certification,approved,Board_Certification_Neurology.pdf,board_cert_1c4d03ae-a510-41f0-9857-5af4721a3031.pdf,uploads/certifications/board_cert_1c4d03ae-a510-41f0-9857-5af4721a3031.pdf,application/pdf,487327.0,2025-02-22T03:37:17.316790,2025-02-22T04:13:17.316791,2025-02-25T03:37:17.316792,0.9143988133915656,rigid_schema,not_validated,0,"{""board"": ""American Board of Medical Specialties"", ""specialty"": ""Neurology"", ""provider_name"": ""Jeffery Wagner"", ""expiration_date"": ""2030-08-22"", ""certification_date"": ""2022-09-17""}",,,2025-02-22T03:37:17.316794,"{""parser_version"": ""2.1.0"", ""processing_time_ms"": 2933}"
f7c922de-dee3-43b2-8c8d-fb26fd1273ad,delegate2@credentialmate.com,Joshua,Walker,,,,,,,,,,,,,,,,,,,,,
561494fb-1235-4f1d-94dd-b7db3e05e4b6,provider.multistate16@example.com,Joshua,White,,,,,,,,,,,,,,,,,,,,,
a487b787-053e-4ebc-81ca-f1d89435208e,provider.md17@example.com,Janet,Williams,<memory at 0x74955af57400>,faaf6bc7-1850-43da-9074-d1c3b9f5abf1,state_license,parsed,MI_Medical_License_MI-70024.pdf,MI_license_faaf6bc7-1850-43da-9074-d1c3b9f5abf1.pdf,uploads/licenses/MI_license_faaf6bc7-1850-43da-9074-d1c3b9f5abf1.pdf,application/pdf,1884750.0,2025-10-18T03:37:17.270901,2025-10-18T04:04:17.270904,2025-10-19T21:37:17.270906,0.8647296714824693,rigid_schema,not_validated,0,"{""state"": ""MI"", ""status"": ""active"", ""issue_date"": ""2020-04-24"", ""license_type"": ""MD"", ""provider_name"": ""Janet Williams"", ""license_number"": ""MI-70024"", ""expiration_date"": ""2026-03-24""}",,,2025-10-18T03:37:17.270908,"{""parser_version"": ""2.1.0"", ""processing_time_ms"": 1116}"
a487b787-053e-4ebc-81ca-f1d89435208e,provider.md17@example.com,Janet,Williams,<memory at 0x74955af574c0>,5493a84e-61a9-4057-bd99-80b050cb66c9,dea,approved,DEA_Certificate_FW2060616.pdf,dea_5493a84e-61a9-4057-bd99-80b050cb66c9.pdf,uploads/dea/dea_5493a84e-61a9-4057-bd99-80b050cb66c9.pdf,application/pdf,163672.0,2025-08-30T03:37:17.281278,2025-08-30T03:53:17.281279,2025-09-01T14:37:17.281281,0.8819299451564852,conversational,not_validated,0,"{""schedules"": [""II"", ""III"", ""IV"", ""V""], ""dea_number"": ""FW2060616"", ""provider_name"": ""Janet Williams"", ""expiration_date"": ""2028-06-24""}",,,2025-08-30T03:37:17.281282,"{""parser_version"": ""2.1.0"", ""processing_time_ms"": 4535}"
a487b787-053e-4ebc-81ca-f1d89435208e,provider.md17@example.com,Janet,Williams,<memory at 0x74955af57580>,77419e4b-ef73-4f1f-b052-42c9167ca8d2,state_license,approved,AL_Medical_License_998202.pdf,AL_license_77419e4b-ef73-4f1f-b052-42c9167ca8d2.pdf,uploads/licenses/AL_license_77419e4b-ef73-4f1f-b052-42c9167ca8d2.pdf,application/pdf,551063.0,2025-01-18T03:37:17.281213,2025-01-18T03:57:17.281215,2025-01-20T01:37:17.281217,0.874051434238136,conversational,not_validated,0,"{""state"": ""AL"", ""status"": ""active"", ""issue_date"": ""2024-05-22"", ""license_type"": ""MD"", ""provider_name"": ""Janet Williams"", ""license_number"": ""998202"", ""expiration_date"": ""2026-05-12""}",,,2025-01-18T03:37:17.281219,"{""parser_version"": ""2.1.0"", ""processing_time_ms"": 3583}"
a487b787-053e-4ebc-81ca-f1d89435208e,provider.md17@example.com,Janet,Williams,<memory at 0x74955af57640>,76e3c286-a956-48a9-8b12-636db217686d,board_certification,approved,Board_Certification_Orthopedics.pdf,board_cert_76e3c286-a956-48a9-8b12-636db217686d.pdf,uploads/certifications/board_cert_76e3c286-a956-48a9-8b12-636db217686d.pdf,application/pdf,789879.0,2025-01-08T03:37:17.316432,2025-01-08T03:43:17.316433,2025-01-10T03:37:17.316434,0.9052324145991728,rigid_schema,not_validated,0,"{""board"": ""American Board of Medical Specialties"", ""specialty"": ""Orthopedics"", ""provider_name"": ""Janet Williams"", ""expiration_date"": ""2031-03-29"", ""certification_date"": ""2018-08-05""}",,,2025-01-08T03:37:17.316435,"{""parser_version"": ""2.1.0"", ""processing_time_ms"": 5413}"
c068655d-23d3-4cb0-bac1-ef53b8f72d26,provider.multistate6@example.com,Michael,Williams,,,,,,,,,,,,,,,,,,,,,
56647db3-a328-425f-a745-3f34e3d258f9,provider.multistate13@example.com,Jessica,Wilson,,,,,,,,,,,,,,,,,,,,,
7001f867-43bf-425d-a6b9-a8cfc6ca05d4,provider.md7@example.com,Linda,Wolfe,<memory at 0x74955af57700>,dc08f6bb-e868-4fa0-a2cd-d0814225adaa,state_license,approved,VT_Medical_License_VT87987.pdf,VT_license_dc08f6bb-e868-4fa0-a2cd-d0814225adaa.pdf,uploads/licenses/VT_license_dc08f6bb-e868-4fa0-a2cd-d0814225adaa.pdf,application/pdf,142700.0,2025-08-22T03:37:17.314905,2025-08-22T03:53:17.314907,2025-08-22T05:37:17.314910,0.9726713987774941,conversational,not_validated,0,"{""state"": ""VT"", ""status"": ""active"", ""issue_date"": ""2022-10-05"", ""license_type"": ""MD"", ""provider_name"": ""Linda Wolfe"", ""license_number"": ""VT87987"", ""expiration_date"": ""2026-09-14""}",,,2025-08-22T03:37:17.314912,"{""parser_version"": ""2.1.0"", ""processing_time_ms"": 3096}"
7001f867-43bf-425d-a6b9-a8cfc6ca05d4,provider.md7@example.com,Linda,Wolfe,<memory at 0x74955af577c0>,b29c232d-7fe3-474f-9a88-9a1482cd592d,dea,approved,DEA_Certificate_AW2778791.pdf,dea_b29c232d-7fe3-474f-9a88-9a1482cd592d.pdf,uploads/dea/dea_b29c232d-7fe3-474f-9a88-9a1482cd592d.pdf,application/pdf,499978.0,2025-07-16T03:37:17.314971,2025-07-16T03:45:17.314972,2025-07-18T09:37:17.314974,0.8588032250767997,conversational,not_validated,0,"{""schedules"": [""II"", ""III"", ""IV"", ""V""], ""dea_number"": ""AW2778791"", ""provider_name"": ""Linda Wolfe"", ""expiration_date"": ""2028-04-28""}",,,2025-07-16T03:37:17.314975,"{""parser_version"": ""2.1.0"", ""processing_time_ms"": 4725}"
7001f867-43bf-425d-a6b9-a8cfc6ca05d4,provider.md7@example.com,Linda,Wolfe,<memory at 0x74955af57880>,459ea341-a77b-4b7e-8619-1c94eaa77146,board_certification,approved,Board_Certification_Psychiatry.pdf,board_cert_459ea341-a77b-4b7e-8619-1c94eaa77146.pdf,uploads/certifications/board_cert_459ea341-a77b-4b7e-8619-1c94eaa77146.pdf,application/pdf,340882.0,2024-05-30T03:37:17.316388,2024-05-30T03:50:17.316389,2024-05-31T14:37:17.316391,0.9386856019011398,rigid_schema,not_validated,0,"{""board"": ""American Board of Medical Specialties"", ""specialty"": ""Psychiatry"", ""provider_name"": ""Linda Wolfe"", ""expiration_date"": ""2028-11-18"", ""certification_date"": ""2018-02-18""}",,,2024-05-30T03:37:17.316392,"{""parser_version"": ""2.1.0"", ""processing_time_ms"": 7658}"
5864f73d-8633-4197-8b83-bfc207005736,provider.do6@example.com,Joseph,Zuniga,<memory at 0x74955af57940>,9c86821c-e714-4dc3-b5b0-f42e659b5b7a,state_license,parsed,MN_Medical_License_117876.pdf,MN_license_9c86821c-e714-4dc3-b5b0-f42e659b5b7a.pdf,uploads/licenses/MN_license_9c86821c-e714-4dc3-b5b0-f42e659b5b7a.pdf,application/pdf,1232890.0,2025-08-01T03:37:17.298738,2025-08-01T04:01:17.298740,2025-08-02T19:37:17.298743,0.9606631134722882,conversational,not_validated,0,"{""state"": ""MN"", ""status"": ""active"", ""issue_date"": ""2022-10-21"", ""license_type"": ""DO"", ""provider_name"": ""Joseph Zuniga"", ""license_number"": ""117876"", ""expiration_date"": ""2026-09-30""}",,,2025-08-01T03:37:17.298745,"{""parser_version"": ""2.1.0"", ""processing_time_ms"": 4675}"
5864f73d-8633-4197-8b83-bfc207005736,provider.do6@example.com,Joseph,Zuniga,<memory at 0x74955af57a00>,928d4db4-3392-4084-a17b-3c3afb6aef7a,board_certification,approved,Board_Certification_Orthopedics.pdf,board_cert_928d4db4-3392-4084-a17b-3c3afb6aef7a.pdf,uploads/certifications/board_cert_928d4db4-3392-4084-a17b-3c3afb6aef7a.pdf,application/pdf,952733.0,2025-01-28T03:37:17.316343,2025-01-28T04:37:17.316344,2025-01-29T08:37:17.316346,0.9414067545929323,rigid_schema,not_validated,0,"{""board"": ""American Board of Medical Specialties"", ""specialty"": ""Orthopedics"", ""provider_name"": ""Joseph Zuniga"", ""expiration_date"": ""2029-09-27"", ""certification_date"": ""2024-04-01""}",,,2025-01-28T03:37:17.316347,"{""parser_version"": ""2.1.0"", ""processing_time_ms"": 4538}"
