user_id,email,first_name,last_name,npi,role,is_active,is_verified,user_created_at,last_login,license_id,state,license_number,license_type,issue_date,expiration_date,license_status,renewal_cycle_months,license_created_at,license_updated_at,license_metadata
555e92b0-7a69-4cb7-829c-3b48968983cc,admin@blueshift.com,BlueShift,Administrator,,admin,True,True,2024-03-10T03:37:10.037751,2025-11-18T03:37:10.037773,,,,,,,,,,,
139134ac-cd33-46e6-a69a-31ac6170af01,provider.multistate7@example.com,Lisa,Anderson,,provider,True,True,2024-12-07T03:58:02.223853,2025-11-03T03:58:02.223855,6f21461e-cbd6-4dce-906a-72409e4b9fbc,AK,AK541357,MD,2023-10-11,2024-10-05,active,12,2025-02-07T03:58:02.226412,2025-11-19T03:58:02.226413,
139134ac-cd33-46e6-a69a-31ac6170af01,provider.multistate7@example.com,Lisa,Anderson,,provider,True,True,2024-12-07T03:58:02.223853,2025-11-03T03:58:02.223855,e4f000a1-5123-4bc8-88d1-f383f3163f96,MD,MD636118,MD,2021-08-17,2022-08-12,active,12,2025-08-20T03:58:02.226389,2025-11-19T03:58:02.226390,
139134ac-cd33-46e6-a69a-31ac6170af01,provider.multistate7@example.com,Lisa,Anderson,,provider,True,True,2024-12-07T03:58:02.223853,2025-11-03T03:58:02.223855,46c2f2ef-c4fd-4991-8f64-9bb4190c479d,MI,MI894220,MD,2023-11-21,2026-01-20,active,36,2025-06-15T03:58:02.226313,2025-11-19T03:58:02.226314,
139134ac-cd33-46e6-a69a-31ac6170af01,provider.multistate7@example.com,Lisa,Anderson,,provider,True,True,2024-12-07T03:58:02.223853,2025-11-03T03:58:02.223855,7329191d-2755-4865-9b46-982e93a362b1,SC,SC103339,MD,2019-09-03,2020-08-28,active,12,2024-12-29T03:58:02.226358,2025-11-19T03:58:02.226359,
2e6a2704-7ddf-4ece-a6de-ef9440df1ed2,provider.md14@example.com,Nicholas,Arnold,<memory at 0x7276a17f3580>,provider,True,True,2024-06-11T03:37:14.953124,2025-11-12T03:37:14.953134,4bbffdc8-d8e4-432a-81c5-cfa984a73ae5,DE,DE60935,MD,2021-12-04,2027-11-03,active,24,2021-12-04T03:37:17.230508,2025-10-30T03:37:17.230509,"{""board"": ""DE State Medical Board"", ""verified"": true, ""dea_number"": null, ""restrictions"": null, ""controlled_substance_license"": null}"
2e6a2704-7ddf-4ece-a6de-ef9440df1ed2,provider.md14@example.com,Nicholas,Arnold,<memory at 0x7276a17f3940>,provider,True,True,2024-06-11T03:37:14.953124,2025-11-12T03:37:14.953134,27aeae88-86bf-43a2-bec4-81731b09ade2,IN,M792133,MD,2020-10-19,2026-09-18,active,24,2020-10-19T03:37:17.229263,2025-10-23T03:37:17.229264,"{""board"": ""IN State Medical Board"", ""verified"": true, ""dea_number"": ""BA4368387"", ""restrictions"": null, ""controlled_substance_license"": ""IN-CS-413815""}"
2e6a2704-7ddf-4ece-a6de-ef9440df1ed2,provider.md14@example.com,Nicholas,Arnold,<memory at 0x7276a17f3a00>,provider,True,True,2024-06-11T03:37:14.953124,2025-11-12T03:37:14.953134,fd6e1214-683e-4965-94a8-575bf77abf28,KS,KS77006,MD,2024-02-03,2026-01-23,active,24,2024-02-03T03:37:17.231107,2025-10-30T03:37:17.231108,"{""board"": ""KS State Medical Board"", ""verified"": true, ""dea_number"": null, ""restrictions"": null, ""controlled_substance_license"": null}"
2e6a2704-7ddf-4ece-a6de-ef9440df1ed2,provider.md14@example.com,Nicholas,Arnold,<memory at 0x7276a17f3ac0>,provider,True,True,2024-06-11T03:37:14.953124,2025-11-12T03:37:14.953134,30f9d005-95b7-4ebc-8b33-51c76db355e6,MO,828511,MD,2020-09-26,2026-08-26,active,24,2020-09-26T03:37:17.229890,2025-10-21T03:37:17.229891,"{""board"": ""MO State Medical Board"", ""verified"": true, ""dea_number"": ""BA8283341"", ""restrictions"": null, ""controlled_substance_license"": ""MO-CS-284301""}"
2e6a2704-7ddf-4ece-a6de-ef9440df1ed2,provider.md14@example.com,Nicholas,Arnold,<memory at 0x7276a17f3b80>,provider,True,True,2024-06-11T03:37:14.953124,2025-11-12T03:37:14.953134,10ae9b2e-a372-46b3-a989-40d4fd8f0682,NE,NE-86928,MD,2021-03-01,2027-01-29,active,24,2021-03-01T03:37:17.232869,2025-10-24T03:37:17.232871,"{""board"": ""NE State Medical Board"", ""verified"": true, ""dea_number"": ""AA3758450"", ""restrictions"": null, ""controlled_substance_license"": ""NE-CS-562656""}"
2e6a2704-7ddf-4ece-a6de-ef9440df1ed2,provider.md14@example.com,Nicholas,Arnold,<memory at 0x7276a17f3c40>,provider,True,True,2024-06-11T03:37:14.953124,2025-11-12T03:37:14.953134,bcdcbf88-c42e-4167-8482-9d25f8c460cc,OR,915698,MD,2022-09-28,2026-09-07,active,24,2022-09-28T03:37:17.231672,2025-11-16T03:37:17.231673,"{""board"": ""OR State Medical Board"", ""verified"": true, ""dea_number"": ""BA7815631"", ""restrictions"": null, ""controlled_substance_license"": null}"
2e6a2704-7ddf-4ece-a6de-ef9440df1ed2,provider.md14@example.com,Nicholas,Arnold,<memory at 0x7276a17f3d00>,provider,True,True,2024-06-11T03:37:14.953124,2025-11-12T03:37:14.953134,d7e4c154-f2a7-4203-b647-f3aea023c812,WY,M724219,MD,2022-09-01,2026-08-11,active,24,2022-09-01T03:37:17.232283,2025-11-03T03:37:17.232284,"{""board"": ""WY State Medical Board"", ""verified"": true, ""dea_number"": ""AA7118051"", ""restrictions"": null, ""controlled_substance_license"": null}"
66d8c077-731d-4adc-8400-34eb141de0af,provider.md12@example.com,Lindsay,Blair,<memory at 0x7276a17f3dc0>,provider,True,True,2023-03-13T03:37:14.562867,2025-11-19T03:49:44.568933,53f76bf8-0330-4dec-90db-12ecaed9706c,SC,M121169,MD,2022-11-05,2026-10-15,active,24,2022-11-05T03:37:17.227808,2025-10-21T03:37:17.227809,"{""board"": ""SC State Medical Board"", ""verified"": true, ""dea_number"": ""FB4670649"", ""restrictions"": null, ""controlled_substance_license"": null}"
6f037392-09a1-4fc9-b00f-410425cb99fe,provider.multistate10@example.com,Daniel,Brown,,provider,True,True,2024-06-15T03:58:02.237211,2025-10-22T03:58:02.237213,86cbc5db-2cdf-440e-8a37-163e27cbf924,FL,FL902999,DO,2019-10-09,2022-09-23,active,36,2025-02-18T03:58:02.240197,2025-11-19T03:58:02.240199,
6f037392-09a1-4fc9-b00f-410425cb99fe,provider.multistate10@example.com,Daniel,Brown,,provider,True,True,2024-06-15T03:58:02.237211,2025-10-22T03:58:02.237213,60be6d8f-2830-4f7b-88f9-dc14dba8f79e,ID,ID994955,DO,2019-04-15,2020-04-09,active,12,2025-03-30T03:58:02.240275,2025-11-19T03:58:02.240276,
6f037392-09a1-4fc9-b00f-410425cb99fe,provider.multistate10@example.com,Daniel,Brown,,provider,True,True,2024-06-15T03:58:02.237211,2025-10-22T03:58:02.237213,bc6a72ea-63fb-4a1c-bc0b-653d064fb49a,IL,IL834799,DO,2016-01-22,2018-01-11,active,24,2024-11-25T03:58:02.240128,2025-11-19T03:58:02.240129,
6f037392-09a1-4fc9-b00f-410425cb99fe,provider.multistate10@example.com,Daniel,Brown,,provider,True,True,2024-06-15T03:58:02.237211,2025-10-22T03:58:02.237213,6ddadca5-7e27-46b5-b9a8-b4b60d20a11b,OH,OH112671,DO,2023-11-03,2026-01-05,active,24,2025-01-29T03:58:02.240252,2025-11-19T03:58:02.240253,
6f037392-09a1-4fc9-b00f-410425cb99fe,provider.multistate10@example.com,Daniel,Brown,,provider,True,True,2024-06-15T03:58:02.237211,2025-10-22T03:58:02.237213,faaf5d60-fae1-4f29-ab80-8336cdeaadc6,VA,VA528167,DO,2016-01-20,2019-01-04,active,36,2025-01-25T03:58:02.240227,2025-11-19T03:58:02.240228,
6f037392-09a1-4fc9-b00f-410425cb99fe,provider.multistate10@example.com,Daniel,Brown,,provider,True,True,2024-06-15T03:58:02.237211,2025-10-22T03:58:02.237213,42169f13-15a7-489c-bd63-1b6435f369d0,WI,WI580723,DO,2022-08-31,2024-08-20,active,24,2024-12-07T03:58:02.240172,2025-11-19T03:58:02.240173,
2326cec7-7c1e-424f-bf3e-aefb195a7cca,provider.multistate2@example.com,David,Chen,,provider,True,True,2024-10-25T03:58:02.197313,2025-10-28T03:58:02.197315,2b735721-b69e-4426-9b45-eaadfe0bdc1f,HI,HI137562,DO,2022-08-27,2023-08-22,active,12,2025-09-01T03:58:02.204788,2025-11-19T03:58:02.204790,
2326cec7-7c1e-424f-bf3e-aefb195a7cca,provider.multistate2@example.com,David,Chen,,provider,True,True,2024-10-25T03:58:02.197313,2025-10-28T03:58:02.197315,825c6cbf-4315-4641-ae52-0b6f4f854a28,MT,MT419531,DO,2017-05-25,2019-05-15,active,24,2024-12-11T03:58:02.204877,2025-11-19T03:58:02.204878,
2326cec7-7c1e-424f-bf3e-aefb195a7cca,provider.multistate2@example.com,David,Chen,,provider,True,True,2024-10-25T03:58:02.197313,2025-10-28T03:58:02.197315,0253336a-66d8-4806-8af3-67be0c7aa2f2,NM,NM546718,DO,2019-03-11,2020-03-05,active,12,2024-12-18T03:58:02.204850,2025-11-19T03:58:02.204851,
2326cec7-7c1e-424f-bf3e-aefb195a7cca,provider.multistate2@example.com,David,Chen,,provider,True,True,2024-10-25T03:58:02.197313,2025-10-28T03:58:02.197315,4bf0f58b-9405-4aa4-b467-41e8e1c60dcf,UT,UT337207,DO,2016-12-26,2019-12-11,active,36,2025-05-31T03:58:02.204900,2025-11-19T03:58:02.204901,
2326cec7-7c1e-424f-bf3e-aefb195a7cca,provider.multistate2@example.com,David,Chen,,provider,True,True,2024-10-25T03:58:02.197313,2025-10-28T03:58:02.197315,6bbb6cd9-650f-45a1-9935-aac79e219d1b,WY,WY202361,DO,2019-06-23,2026-01-13,active,36,2025-09-09T03:58:02.204924,2025-11-19T03:58:02.204925,
ae0ea300-d1d6-48a1-a5d8-00c8f2d4d17f,provider.multistate20@example.com,Brandon,Clark,,provider,True,True,2024-02-29T03:58:02.285412,2025-11-08T03:58:02.285414,3f9c9422-36a2-4485-8ae9-e37120b879b3,GA,GA913174,DO,2016-12-25,2025-12-24,active,36,2025-06-22T03:58:02.287837,2025-11-19T03:58:02.287839,
ae0ea300-d1d6-48a1-a5d8-00c8f2d4d17f,provider.multistate20@example.com,Brandon,Clark,,provider,True,True,2024-02-29T03:58:02.285412,2025-11-08T03:58:02.285414,ae93e410-bbc4-43f8-9759-53356ef58f05,MO,MO874087,DO,2023-03-04,2024-02-27,active,12,2025-06-12T03:58:02.287882,2025-11-19T03:58:02.287883,
ae0ea300-d1d6-48a1-a5d8-00c8f2d4d17f,provider.multistate20@example.com,Brandon,Clark,,provider,True,True,2024-02-29T03:58:02.285412,2025-11-08T03:58:02.285414,1268ced9-d777-40b1-bdf9-fb537cc5e037,VA,VA141736,DO,2020-08-28,2021-08-23,active,12,2025-06-14T03:58:02.287909,2025-11-19T03:58:02.287910,
ae0ea300-d1d6-48a1-a5d8-00c8f2d4d17f,provider.multistate20@example.com,Brandon,Clark,,provider,True,True,2024-02-29T03:58:02.285412,2025-11-08T03:58:02.285414,caf9f4a1-5586-4e1e-8cca-1a4e85f7b37b,WI,WI929241,DO,2020-08-18,2021-08-13,active,12,2025-09-14T03:58:02.287931,2025-11-19T03:58:02.287932,
d6b6bc0c-159f-45d4-969d-2d415aa43822,provider.do5@example.com,Mitchell,Clark,<memory at 0x7276a17f3e80>,provider,True,True,2024-09-14T03:37:16.507413,2025-10-23T03:37:16.507453,dcda6b28-3dbc-45ee-a16c-5975fe3e9a1d,AK,AK-66304,DO,2022-10-12,2026-09-21,active,24,2022-10-12T03:37:17.240095,2025-10-27T03:37:17.240096,"{""board"": ""AK State Medical Board"", ""verified"": true, ""dea_number"": ""AC7561378"", ""restrictions"": null, ""controlled_substance_license"": ""AK-CS-522725""}"
72316753-a4be-4516-b3ec-b88ed0d57347,provider.do8@example.com,George,Daniel,<memory at 0x7276a17f3f40>,provider,True,True,2024-10-23T03:37:17.091387,2025-11-13T03:37:17.091397,dcfe4b8b-2f0a-432f-a2f5-cc6c4a359dcf,SD,SD21560,DO,2022-01-26,2026-01-05,active,24,2022-01-26T03:37:17.241923,2025-11-11T03:37:17.241924,"{""board"": ""SD State Medical Board"", ""verified"": true, ""dea_number"": ""AD4022966"", ""restrictions"": null, ""controlled_substance_license"": null}"
10c49ff8-0789-477c-86d4-bb00b95ab234,provider.multistate11@example.com,Amanda,Davis,,provider,True,True,2025-05-20T03:58:02.241753,2025-11-16T03:58:02.241755,f4b2b751-1954-44aa-b5b5-fd278abab53b,AZ,AZ983962,MD,2022-08-28,2026-02-09,active,36,2025-05-16T03:58:02.244105,2025-11-19T03:58:02.244106,
10c49ff8-0789-477c-86d4-bb00b95ab234,provider.multistate11@example.com,Amanda,Davis,,provider,True,True,2025-05-20T03:58:02.241753,2025-11-16T03:58:02.241755,b691d5af-a3b7-4de7-a3c4-7fbf60cd4683,IN,IN887060,MD,2024-04-01,2026-02-01,active,36,2025-08-31T03:58:02.244244,2025-11-19T03:58:02.244245,
10c49ff8-0789-477c-86d4-bb00b95ab234,provider.multistate11@example.com,Amanda,Davis,,provider,True,True,2025-05-20T03:58:02.241753,2025-11-16T03:58:02.241755,9d517012-0585-4745-acbb-348e986e1ad6,MI,MI982354,MD,2023-04-21,2025-04-10,active,24,2025-07-25T03:58:02.244196,2025-11-19T03:58:02.244197,
10c49ff8-0789-477c-86d4-bb00b95ab234,provider.multistate11@example.com,Amanda,Davis,,provider,True,True,2025-05-20T03:58:02.241753,2025-11-16T03:58:02.241755,50bac490-41eb-45dd-a214-57f861cfa3fb,MO,MO597791,MD,2017-01-29,2019-01-19,active,24,2025-05-16T03:58:02.244147,2025-11-19T03:58:02.244148,
10c49ff8-0789-477c-86d4-bb00b95ab234,provider.multistate11@example.com,Amanda,Davis,,provider,True,True,2025-05-20T03:58:02.241753,2025-11-16T03:58:02.241755,ca06bb4f-626f-4850-89ca-c907ce05e467,NC,NC606734,MD,2018-04-03,2021-03-18,active,36,2025-03-30T03:58:02.244219,2025-11-19T03:58:02.244221,
10c49ff8-0789-477c-86d4-bb00b95ab234,provider.multistate11@example.com,Amanda,Davis,,provider,True,True,2025-05-20T03:58:02.241753,2025-11-16T03:58:02.241755,0780b969-c98f-4534-88cd-64e702cb677d,VA,VA514910,MD,2022-04-12,2025-03-27,active,36,2024-11-26T03:58:02.244173,2025-11-19T03:58:02.244174,
f694a288-0c84-4a49-a915-6187c78e8a14,provider.md10@example.com,Christopher,Davis,<memory at 0x7276a10d4040>,provider,True,True,2024-12-12T03:37:14.189068,2025-11-15T03:37:14.189078,f9f1e5aa-ffa9-4007-8f69-0c592b68161b,ID,ID99984,MD,2022-06-04,2026-05-14,active,12,2022-06-04T03:37:17.253886,2025-11-15T03:37:17.253887,"{""board"": ""ID State Medical Board"", ""verified"": true, ""dea_number"": ""FD6500994"", ""restrictions"": null, ""controlled_substance_license"": ""ID-CS-325878""}"
8763c842-5104-4c6b-aad3-1bcb7004317a,provider.do4@example.com,Cynthia,Diaz,<memory at 0x7276a10d4100>,provider,True,True,2024-03-29T03:37:16.311326,2025-11-05T03:37:16.311338,37d33afa-364d-45da-8efd-e424b5b4d958,WV,D716584,DO,2021-07-29,2026-07-03,active,12,2021-07-29T03:37:17.239469,2025-11-12T03:37:17.239470,"{""board"": ""WV State Medical Board"", ""verified"": true, ""dea_number"": ""BD9495532"", ""restrictions"": null, ""controlled_substance_license"": ""WV-CS-613214""}"
e61234f3-509c-4d22-a5e6-cb75985f8c1b,provider.md13@example.com,Amanda,Dudley,<memory at 0x7276a10d41c0>,provider,True,True,2023-05-19T03:37:14.755925,2025-10-30T03:37:14.755937,18d615e7-9f0c-4669-ba48-450de0170ce8,RI,RI54821,MD,2025-02-28,2027-02-18,active,24,2025-02-28T03:37:17.228523,2025-10-23T03:37:17.228524,"{""board"": ""RI State Medical Board"", ""verified"": true, ""dea_number"": ""BD4321352"", ""restrictions"": null, ""controlled_substance_license"": null}"
145a7c8f-65f6-4b05-9a18-235932b8f211,provider.multistate12@example.com,Christopher,Garcia,,provider,True,True,2025-01-23T03:58:02.246093,2025-11-10T03:58:02.246094,3211908c-ed69-4c15-9235-7dde6495d5da,AZ,AZ500762,DO,2021-03-23,2024-03-07,active,36,2025-09-02T03:58:02.250359,2025-11-19T03:58:02.250360,
145a7c8f-65f6-4b05-9a18-235932b8f211,provider.multistate12@example.com,Christopher,Garcia,,provider,True,True,2025-01-23T03:58:02.246093,2025-11-10T03:58:02.246094,e4953b18-bf42-4e82-8fee-44f565967ef9,NJ,NJ799671,DO,2019-05-06,2020-04-30,active,12,2025-03-29T03:58:02.250334,2025-11-19T03:58:02.250336,
145a7c8f-65f6-4b05-9a18-235932b8f211,provider.multistate12@example.com,Christopher,Garcia,,provider,True,True,2025-01-23T03:58:02.246093,2025-11-10T03:58:02.246094,e0ea29bb-e381-46b1-a360-6e4149a86e0e,PA,PA969744,DO,2017-07-21,2019-07-11,active,24,2025-07-15T03:58:02.250302,2025-11-19T03:58:02.250304,
145a7c8f-65f6-4b05-9a18-235932b8f211,provider.multistate12@example.com,Christopher,Garcia,,provider,True,True,2025-01-23T03:58:02.246093,2025-11-10T03:58:02.246094,1a91e360-8273-4a04-bf64-c72af663a3e2,VA,VA126747,DO,2022-03-20,2025-03-04,active,36,2025-02-07T03:58:02.250254,2025-11-19T03:58:02.250256,
3266d4b9-1e60-46e8-ae6c-3b5f34098bda,provider.md4@example.com,Debra,Gardner,<memory at 0x7276a10d4280>,provider,True,True,2024-09-28T03:37:11.979518,2025-11-08T03:37:11.979558,6b6c68a7-041d-4e30-b9af-ce2ae2254981,MD,MD63881,MD,2022-07-02,2026-06-11,active,24,2022-07-02T03:37:17.244789,2025-10-26T03:37:17.244790,"{""board"": ""MD State Medical Board"", ""verified"": true, ""dea_number"": null, ""restrictions"": null, ""controlled_substance_license"": null}"
3266d4b9-1e60-46e8-ae6c-3b5f34098bda,provider.md4@example.com,Debra,Gardner,<memory at 0x7276a10d4340>,provider,True,True,2024-09-28T03:37:11.979518,2025-11-08T03:37:11.979558,6b82a38f-3a20-4b4e-9467-47a6e7110c2c,MS,185013,MD,2023-06-19,2027-05-29,active,24,2023-06-19T03:37:17.244241,2025-11-05T03:37:17.244242,"{""board"": ""MS State Medical Board"", ""verified"": true, ""dea_number"": ""FG7558393"", ""restrictions"": null, ""controlled_substance_license"": ""MS-CS-889335""}"
9a70ee47-4267-478f-a57c-16b5f595a709,provider.md3@example.com,Anthony,Gonzalez,<memory at 0x7276a10d4400>,provider,True,True,2023-08-11T03:37:11.782519,2025-10-23T03:37:11.782530,d2977b16-f251-4306-8299-3da9eb362a88,HI,HI29182,MD,2024-10-07,2026-09-27,active,24,2024-10-07T03:37:17.243662,2025-11-06T03:37:17.243663,"{""board"": ""HI State Medical Board"", ""verified"": true, ""dea_number"": ""BG1940335"", ""restrictions"": null, ""controlled_substance_license"": ""HI-CS-431869""}"
674bff81-ae9e-4fa0-9694-a0ccbeed571c,provider.do2@example.com,Christopher,Hall,<memory at 0x7276a10d44c0>,provider,True,True,2023-06-07T03:37:15.928693,2025-11-03T03:37:15.928704,bf6bdfa3-a617-43ce-84c9-ac98cab538ad,IL,878809,DO,2023-03-25,2026-03-09,active,36,2023-03-25T03:37:17.238177,2025-11-07T03:37:17.238178,"{""board"": ""IL State Medical Board"", ""verified"": true, ""dea_number"": ""BH5635852"", ""restrictions"": null, ""controlled_substance_license"": null}"
85a2246b-c66b-4d60-9b60-3bef2fd0a1cf,provider.multistate17@example.com,Lauren,Harris,,provider,True,True,2023-12-31T03:58:02.270438,2025-10-29T03:58:02.270441,f51c6652-f6d8-4b3c-a13d-fab0289e6d7d,AZ,AZ522387,MD,2022-03-17,2023-03-12,active,12,2024-12-14T03:58:02.273156,2025-11-19T03:58:02.273157,
85a2246b-c66b-4d60-9b60-3bef2fd0a1cf,provider.multistate17@example.com,Lauren,Harris,,provider,True,True,2023-12-31T03:58:02.270438,2025-10-29T03:58:02.270441,f59a0750-6288-441c-8213-d5fc05eab5a0,CA,CA360580,MD,2023-03-07,2026-02-19,active,36,2025-03-07T03:58:02.273179,2025-11-19T03:58:02.273180,
85a2246b-c66b-4d60-9b60-3bef2fd0a1cf,provider.multistate17@example.com,Lauren,Harris,,provider,True,True,2023-12-31T03:58:02.270438,2025-10-29T03:58:02.270441,014fcfcb-427a-40f0-a8bf-61b1ed7676e3,IL,IL718391,MD,2022-10-16,2023-10-11,active,12,2025-01-21T03:58:02.273132,2025-11-19T03:58:02.273133,
85a2246b-c66b-4d60-9b60-3bef2fd0a1cf,provider.multistate17@example.com,Lauren,Harris,,provider,True,True,2023-12-31T03:58:02.270438,2025-10-29T03:58:02.270441,72f1b0f8-6161-4f44-9e7b-bf3e7220f604,IN,IN539494,MD,2019-03-03,2025-12-31,active,12,2025-04-22T03:58:02.273203,2025-11-19T03:58:02.273205,
85a2246b-c66b-4d60-9b60-3bef2fd0a1cf,provider.multistate17@example.com,Lauren,Harris,,provider,True,True,2023-12-31T03:58:02.270438,2025-10-29T03:58:02.270441,e3ec804a-e46a-46eb-a414-e400ab7c47bf,TN,TN821379,MD,2023-06-29,2026-02-03,active,24,2025-04-29T03:58:02.273055,2025-11-19T03:58:02.273057,
85a2246b-c66b-4d60-9b60-3bef2fd0a1cf,provider.multistate17@example.com,Lauren,Harris,,provider,True,True,2023-12-31T03:58:02.270438,2025-10-29T03:58:02.270441,d1bfa545-09e9-43e4-ac8c-c416c8e89318,TX,TX971696,MD,2018-03-25,2025-12-29,active,36,2025-04-06T03:58:02.273100,2025-11-19T03:58:02.273101,
8bcf8670-2b70-4178-9ef5-4929e4c0b96a,provider.multistate15@example.com,Ashley,Jackson,,provider,True,True,2025-01-24T03:58:02.260707,2025-10-20T03:58:02.260709,e9244150-7f6f-41cd-ba39-993ae945ad5e,IN,IN497753,MD,2022-05-15,2023-05-10,active,12,2025-01-20T03:58:02.264678,2025-11-19T03:58:02.264679,
8bcf8670-2b70-4178-9ef5-4929e4c0b96a,provider.multistate15@example.com,Ashley,Jackson,,provider,True,True,2025-01-24T03:58:02.260707,2025-10-20T03:58:02.260709,af51d195-92ce-42bf-b5fe-5f49a82f40ce,MO,MO452925,MD,2020-08-30,2023-08-15,active,36,2025-06-19T03:58:02.264605,2025-11-19T03:58:02.264606,
8bcf8670-2b70-4178-9ef5-4929e4c0b96a,provider.multistate15@example.com,Ashley,Jackson,,provider,True,True,2025-01-24T03:58:02.260707,2025-10-20T03:58:02.260709,0613e020-dfc4-4009-a640-efe4624e39f2,TN,TN924497,MD,2016-02-18,2018-02-07,active,24,2025-07-22T03:58:02.264555,2025-11-19T03:58:02.264557,
8bcf8670-2b70-4178-9ef5-4929e4c0b96a,provider.multistate15@example.com,Ashley,Jackson,,provider,True,True,2025-01-24T03:58:02.260707,2025-10-20T03:58:02.260709,89b2bfcd-ad51-4c66-8325-0c2a6d9c6a0d,VA,VA165070,MD,2023-02-10,2026-01-25,active,36,2025-02-27T03:58:02.264631,2025-11-19T03:58:02.264632,
8bcf8670-2b70-4178-9ef5-4929e4c0b96a,provider.multistate15@example.com,Ashley,Jackson,,provider,True,True,2025-01-24T03:58:02.260707,2025-10-20T03:58:02.260709,846885dc-5b04-42cf-a548-e3e1740637ff,WA,WA188378,MD,2016-03-24,2017-03-19,active,12,2024-12-29T03:58:02.264655,2025-11-19T03:58:02.264656,
1075e199-d4a7-4e84-9179-8d969996c198,delegate1@credentialmate.com,Danielle,Johnson,,delegate,True,True,2025-05-29T03:37:10.626029,2025-11-11T03:37:10.626042,,,,,,,,,,,
3b131fce-d6ca-4e19-a2b7-19fa1aca9baa,provider.md1@example.com,Robert,Johnson,<memory at 0x7276a10d4580>,provider,True,True,2024-12-28T03:37:11.403138,2025-11-05T03:37:11.403150,3c31fb16-419a-4c21-a34c-67a859674757,GA,GA47291,MD,2020-11-12,2026-10-12,active,24,2020-11-12T03:37:17.242514,2025-11-12T03:37:17.242516,"{""board"": ""GA State Medical Board"", ""verified"": true, ""dea_number"": ""FJ4202307"", ""restrictions"": null, ""controlled_substance_license"": null}"
7adfd06b-ef6b-496a-82d7-6e60caa793fc,provider.md5@example.com,Jeffrey,Lawrence,<memory at 0x7276a10d4640>,provider,True,True,2024-01-27T03:37:12.175910,2025-11-09T03:37:12.175921,8b721770-b455-45d6-8ab7-a50868761997,MN,524762,MD,2023-02-09,2027-01-19,active,24,2023-02-09T03:37:17.246488,2025-11-01T03:37:17.246489,"{""board"": ""MN State Medical Board"", ""verified"": true, ""dea_number"": null, ""restrictions"": null, ""controlled_substance_license"": null}"
7adfd06b-ef6b-496a-82d7-6e60caa793fc,provider.md5@example.com,Jeffrey,Lawrence,<memory at 0x7276a10d4700>,provider,True,True,2024-01-27T03:37:12.175910,2025-11-09T03:37:12.175921,f09f59b8-4669-4e97-b500-d55b880d0b76,MO,MO87719,MD,2020-08-21,2026-07-21,active,24,2020-08-21T03:37:17.247050,2025-11-02T03:37:17.247051,"{""board"": ""MO State Medical Board"", ""verified"": true, ""dea_number"": null, ""restrictions"": null, ""controlled_substance_license"": null}"
7adfd06b-ef6b-496a-82d7-6e60caa793fc,provider.md5@example.com,Jeffrey,Lawrence,<memory at 0x7276a10d47c0>,provider,True,True,2024-01-27T03:37:12.175910,2025-11-09T03:37:12.175921,dc59ad26-7be5-4376-bdd7-df5d62def964,NC,NC39485,MD,2024-11-25,2025-11-20,active,12,2024-11-25T03:37:17.245948,2025-11-01T03:37:17.245949,"{""board"": ""NC State Medical Board"", ""verified"": true, ""dea_number"": ""AL4301448"", ""restrictions"": null, ""controlled_substance_license"": null}"
7adfd06b-ef6b-496a-82d7-6e60caa793fc,provider.md5@example.com,Jeffrey,Lawrence,<memory at 0x7276a10d4880>,provider,True,True,2024-01-27T03:37:12.175910,2025-11-09T03:37:12.175921,98b925e2-440f-4d50-ba9e-62990c8ea5be,TN,M968806,MD,2023-03-05,2027-02-12,active,24,2023-03-05T03:37:17.245383,2025-11-09T03:37:17.245384,"{""board"": ""TN State Medical Board"", ""verified"": true, ""dea_number"": ""BL9599886"", ""restrictions"": null, ""controlled_substance_license"": ""TN-CS-675790""}"
7adfd06b-ef6b-496a-82d7-6e60caa793fc,provider.md5@example.com,Jeffrey,Lawrence,<memory at 0x7276a10d4940>,provider,True,True,2024-01-27T03:37:12.175910,2025-11-09T03:37:12.175921,ff27617e-2194-4edd-9f9b-9a8e7fa542ab,TX,M659675,MD,2023-12-30,2025-12-19,active,24,2023-12-30T03:37:17.247622,2025-10-20T03:37:17.247623,"{""board"": ""TX State Medical Board"", ""verified"": true, ""dea_number"": ""FL5610644"", ""restrictions"": null, ""controlled_substance_license"": null}"
4a56b754-ba1d-4887-98ff-ed901688310c,provider.multistate5@example.com,Jennifer,Lee,,provider,True,True,2023-12-07T03:58:02.215115,2025-11-02T03:58:02.215117,426aca77-ace5-465d-a86b-6b4d017696cf,AR,AR864157,MD,2017-05-25,2019-05-15,active,24,2024-12-27T03:58:02.217816,2025-11-19T03:58:02.217817,
4a56b754-ba1d-4887-98ff-ed901688310c,provider.multistate5@example.com,Jennifer,Lee,,provider,True,True,2023-12-07T03:58:02.215115,2025-11-02T03:58:02.215117,4b23a9da-3a00-42c3-a954-60e1f63f07c9,AZ,AZ991093,MD,2021-12-19,2024-12-03,active,36,2024-12-03T03:58:02.217760,2025-11-19T03:58:02.217761,
4a56b754-ba1d-4887-98ff-ed901688310c,provider.multistate5@example.com,Jennifer,Lee,,provider,True,True,2023-12-07T03:58:02.215115,2025-11-02T03:58:02.215117,7ccad579-5a47-4e48-8244-21387a9beac4,CO,CO666974,MD,2019-10-13,2020-10-07,active,12,2025-07-15T03:58:02.217790,2025-11-19T03:58:02.217792,
4a56b754-ba1d-4887-98ff-ed901688310c,provider.multistate5@example.com,Jennifer,Lee,,provider,True,True,2023-12-07T03:58:02.215115,2025-11-02T03:58:02.215117,60b272b6-a544-49cf-8b83-a214e4a7f533,MA,MA798273,MD,2018-02-26,2026-01-12,active,36,2025-02-12T03:58:02.217864,2025-11-19T03:58:02.217865,
4a56b754-ba1d-4887-98ff-ed901688310c,provider.multistate5@example.com,Jennifer,Lee,,provider,True,True,2023-12-07T03:58:02.215115,2025-11-02T03:58:02.215117,b5bd2795-fa6f-4a5a-b429-369262576557,ME,ME182281,MD,2017-09-07,2020-08-22,active,36,2025-05-21T03:58:02.217887,2025-11-19T03:58:02.217888,
4a56b754-ba1d-4887-98ff-ed901688310c,provider.multistate5@example.com,Jennifer,Lee,,provider,True,True,2023-12-07T03:58:02.215115,2025-11-02T03:58:02.215117,a65fd6c5-023c-4d2f-9038-2ad406355690,MS,MS837272,MD,2021-01-06,2022-12-27,active,24,2025-06-23T03:58:02.217840,2025-11-19T03:58:02.217841,
4a56b754-ba1d-4887-98ff-ed901688310c,provider.multistate5@example.com,Jennifer,Lee,,provider,True,True,2023-12-07T03:58:02.215115,2025-11-02T03:58:02.215117,e83710f1-1954-4927-8c3d-36d13a68bf26,PA,PA445413,MD,2024-09-04,2025-08-30,active,12,2025-03-25T03:58:02.217715,2025-11-19T03:58:02.217717,
4f22db35-deae-4403-88ed-b517c8d063d2,provider.do7@example.com,Deborah,Lynch,<memory at 0x7276a10d4a00>,provider,True,True,2024-09-18T03:37:16.896101,2025-11-17T03:37:16.896112,8862a79a-78fe-4e0e-b185-42264863c029,ME,ME51298,DO,2022-04-24,2026-04-03,active,24,2022-04-24T03:37:17.241336,2025-11-18T03:37:17.241337,"{""board"": ""ME State Medical Board"", ""verified"": true, ""dea_number"": null, ""restrictions"": null, ""controlled_substance_license"": null}"
57363126-3a3f-4da4-be1a-bd14ed520dd3,provider.multistate18@example.com,Andrew,Martin,,provider,True,True,2025-01-27T03:58:02.274964,2025-10-31T03:58:02.274965,bf84b303-6b42-4a26-8e17-c56ccb780964,AZ,AZ217265,DO,2020-05-29,2023-05-14,active,36,2025-06-08T03:58:02.278921,2025-11-19T03:58:02.278922,
57363126-3a3f-4da4-be1a-bd14ed520dd3,provider.multistate18@example.com,Andrew,Martin,,provider,True,True,2025-01-27T03:58:02.274964,2025-10-31T03:58:02.274965,468daa26-ecaa-4701-b5ca-6436501961f4,MD,MD454896,DO,2016-11-05,2018-10-26,active,24,2025-01-17T03:58:02.278895,2025-11-19T03:58:02.278896,
57363126-3a3f-4da4-be1a-bd14ed520dd3,provider.multistate18@example.com,Andrew,Martin,,provider,True,True,2025-01-27T03:58:02.274964,2025-10-31T03:58:02.274965,356a74eb-2fee-4bfd-9170-725709c6f9b6,OH,OH562905,DO,2021-05-30,2024-05-14,active,36,2024-12-14T03:58:02.278849,2025-11-19T03:58:02.278850,
185350dd-85d5-41d1-9001-aa65c6015409,provider.multistate8@example.com,Robert,Martinez,,provider,True,True,2022-12-18T03:58:02.227917,2025-10-21T03:58:02.227919,d0332cf9-3457-4d0f-9e1f-c60c8c68761e,AL,AL726965,DO,2017-11-18,2018-11-13,active,12,2025-02-11T03:58:02.231655,2025-11-19T03:58:02.231656,
185350dd-85d5-41d1-9001-aa65c6015409,provider.multistate8@example.com,Robert,Martinez,,provider,True,True,2022-12-18T03:58:02.227917,2025-10-21T03:58:02.227919,0a480f6d-5729-441c-96cf-598d72a4d5af,CT,CT966768,DO,2018-10-28,2019-10-23,active,12,2025-07-13T03:58:02.231582,2025-11-19T03:58:02.231584,
185350dd-85d5-41d1-9001-aa65c6015409,provider.multistate8@example.com,Robert,Martinez,,provider,True,True,2022-12-18T03:58:02.227917,2025-10-21T03:58:02.227919,5bd75928-ad6f-47ef-8ec9-14071bc63ee3,GA,GA341540,DO,2024-04-13,2027-03-29,active,36,2025-03-27T03:58:02.231711,2025-11-19T03:58:02.231712,
185350dd-85d5-41d1-9001-aa65c6015409,provider.multistate8@example.com,Robert,Martinez,,provider,True,True,2022-12-18T03:58:02.227917,2025-10-21T03:58:02.227919,f49f22cd-b455-46c3-bbd5-d14d133b277e,IA,IA608129,DO,2021-02-16,2023-02-06,active,24,2025-09-03T03:58:02.231629,2025-11-19T03:58:02.231630,
185350dd-85d5-41d1-9001-aa65c6015409,provider.multistate8@example.com,Robert,Martinez,,provider,True,True,2022-12-18T03:58:02.227917,2025-10-21T03:58:02.227919,6dc39bac-e44d-4c7f-929b-53dbe49c0297,IN,IN724476,DO,2024-03-09,2025-03-04,active,12,2025-06-01T03:58:02.231776,2025-11-19T03:58:02.231778,
185350dd-85d5-41d1-9001-aa65c6015409,provider.multistate8@example.com,Robert,Martinez,,provider,True,True,2022-12-18T03:58:02.227917,2025-10-21T03:58:02.227919,5ed1d3d1-9888-4680-a22c-eeb294b278e7,NJ,NJ487176,DO,2019-02-02,2026-01-28,active,24,2025-01-12T03:58:02.231687,2025-11-19T03:58:02.231688,
b8f30691-2d18-4add-bee3-367020a3437c,delegate4@credentialmate.com,Patricia,Miller,,delegate,True,True,2025-05-10T03:37:11.208258,2025-11-09T03:37:11.208270,,,,,,,,,,,
fa59c386-dbb7-4a6b-893e-6154cb626056,provider.multistate1@example.com,Sarah,Mitchell,,provider,True,True,2023-10-23T03:58:02.136440,2025-10-26T03:58:02.136447,5e977963-1da9-4ecc-a8cc-c0ad082fc22a,KY,KY706458,MD,2023-09-18,2026-09-02,active,36,2024-12-29T03:58:02.192186,2025-11-19T03:58:02.192188,
fa59c386-dbb7-4a6b-893e-6154cb626056,provider.multistate1@example.com,Sarah,Mitchell,,provider,True,True,2023-10-23T03:58:02.136440,2025-10-26T03:58:02.136447,ea2ef9d5-f4bf-460f-914b-e02d9606d921,MO,MO525650,MD,2022-06-11,2024-05-31,active,24,2025-08-15T03:58:02.192320,2025-11-19T03:58:02.192321,
fa59c386-dbb7-4a6b-893e-6154cb626056,provider.multistate1@example.com,Sarah,Mitchell,,provider,True,True,2023-10-23T03:58:02.136440,2025-10-26T03:58:02.136447,fe672de0-c26f-4ddb-be9c-0738e07d595d,NC,NC586578,MD,2021-07-22,2026-01-23,active,12,2025-09-02T03:58:02.192371,2025-11-19T03:58:02.192372,
fa59c386-dbb7-4a6b-893e-6154cb626056,provider.multistate1@example.com,Sarah,Mitchell,,provider,True,True,2023-10-23T03:58:02.136440,2025-10-26T03:58:02.136447,7c5dbb08-ad50-4f90-aabc-80cbfa9612c4,NE,NE946567,MD,2017-12-05,2020-11-19,active,36,2025-07-06T03:58:02.192263,2025-11-19T03:58:02.192264,
fa59c386-dbb7-4a6b-893e-6154cb626056,provider.multistate1@example.com,Sarah,Mitchell,,provider,True,True,2023-10-23T03:58:02.136440,2025-10-26T03:58:02.136447,535fa469-d7f0-432c-b880-a6415612f291,SD,SD737208,MD,2019-04-22,2021-04-11,active,24,2025-05-02T03:58:02.192344,2025-11-19T03:58:02.192346,
fa59c386-dbb7-4a6b-893e-6154cb626056,provider.multistate1@example.com,Sarah,Mitchell,,provider,True,True,2023-10-23T03:58:02.136440,2025-10-26T03:58:02.136447,2d64f58c-ae8c-446a-97bd-ee1a076e583d,VT,VT288131,MD,2016-06-15,2017-06-10,active,12,2025-05-03T03:58:02.192419,2025-11-19T03:58:02.192420,
fa59c386-dbb7-4a6b-893e-6154cb626056,provider.multistate1@example.com,Sarah,Mitchell,,provider,True,True,2023-10-23T03:58:02.136440,2025-10-26T03:58:02.136447,4d41a337-c3e5-4baf-aa9d-08557ba0d263,WV,WV877437,MD,2017-01-19,2020-01-04,active,36,2024-11-30T03:58:02.192294,2025-11-19T03:58:02.192295,
a1d94598-df18-4897-9311-a777533da27c,provider.md15@example.com,Maria,Montgomery,<memory at 0x7276a10d4ac0>,provider,True,True,2022-12-10T03:37:15.147941,2025-10-30T03:37:15.147952,be566a4c-c7da-4816-84f8-773b9a129ca1,CA,M278707,MD,2024-06-28,2026-06-18,active,24,2024-06-28T03:37:17.233526,2025-11-01T03:37:17.233528,"{""board"": ""CA State Medical Board"", ""verified"": true, ""dea_number"": ""AM5871979"", ""restrictions"": null, ""controlled_substance_license"": ""CA-CS-197911""}"
accbf163-20e8-4cd6-ab15-e17225c4e86f,provider.multistate14@example.com,Matthew,Moore,,provider,True,True,2024-05-19T03:58:02.255919,2025-11-08T03:58:02.255922,7e26f7a2-2d09-45ff-9be3-1f3ea5206333,FL,FL288084,DO,2019-06-29,2022-06-13,active,36,2025-09-11T03:58:02.259177,2025-11-19T03:58:02.259178,
accbf163-20e8-4cd6-ab15-e17225c4e86f,provider.multistate14@example.com,Matthew,Moore,,provider,True,True,2024-05-19T03:58:02.255919,2025-11-08T03:58:02.255922,8d8fe1ac-c52d-42bc-9e74-7e0356e25ce8,GA,GA399067,DO,2023-07-07,2025-06-26,active,24,2025-03-09T03:58:02.259103,2025-11-19T03:58:02.259105,
accbf163-20e8-4cd6-ab15-e17225c4e86f,provider.multistate14@example.com,Matthew,Moore,,provider,True,True,2024-05-19T03:58:02.255919,2025-11-08T03:58:02.255922,43ca3d67-c215-4df0-bc9e-f6d81e9de1ce,MA,MA828678,DO,2017-04-28,2018-04-23,active,12,2025-04-25T03:58:02.259151,2025-11-19T03:58:02.259152,
26065ac9-f6dd-4607-86d1-50ad72d210cf,provider.md8@example.com,Matthew,Moore,<memory at 0x7276a10d4b80>,provider,True,True,2024-01-12T03:37:13.800307,2025-11-06T03:37:13.800320,b9661294-2870-40a2-94bb-1a72b6739739,NV,M656769,MD,2024-11-11,2026-11-01,active,12,2024-11-11T03:37:17.252152,2025-11-02T03:37:17.252153,"{""board"": ""NV State Medical Board"", ""verified"": true, ""dea_number"": null, ""restrictions"": null, ""controlled_substance_license"": null}"
3284c238-2617-496d-b711-efb1699caa5c,provider.md11@example.com,Melanie,Munoz,<memory at 0x7276a10d4c40>,provider,True,True,2024-08-19T03:37:14.370508,2025-10-31T03:37:14.370518,c906fd37-e238-4c30-a264-2c473aa61b17,DE,DE78608,MD,2023-09-22,2027-09-01,active,24,2023-09-22T03:37:17.254449,2025-11-16T03:37:17.254451,"{""board"": ""DE State Medical Board"", ""verified"": true, ""dea_number"": ""AM7621296"", ""restrictions"": null, ""controlled_substance_license"": ""DE-CS-315369""}"
1b3edd84-e3cc-442d-92c7-79ea86c40737,compliance@blueshift.com,Compliance,Officer,,admin,True,True,2024-04-15T03:37:10.230743,2025-11-14T03:37:10.230776,,,,,,,,,,,
e6cc3f67-a3e9-4ec0-b12f-91e68879a826,provider.do3@example.com,Craig,Ramirez,<memory at 0x7276a10d4d00>,provider,True,True,2025-02-22T03:37:16.118057,2025-11-07T03:37:16.118066,c5367520-9a51-44a7-86d5-067e0955b0f5,LA,888871,DO,2024-02-28,2026-02-17,active,24,2024-02-28T03:37:17.238756,2025-11-07T03:37:17.238758,"{""board"": ""LA State Medical Board"", ""verified"": true, ""dea_number"": null, ""restrictions"": null, ""controlled_substance_license"": null}"
c67d6e03-3bd1-491d-baf7-013cc4fd0a1b,provider.md16@example.com,Michelle,Ray,<memory at 0x7276a10d4dc0>,provider,True,True,2024-04-07T03:37:15.340409,2025-10-21T03:37:15.340420,6f23005c-0897-450c-8864-b5a8bf8f2702,CT,M785196,MD,2022-12-20,2026-11-29,active,24,2022-12-20T03:37:17.234169,2025-10-29T03:37:17.234170,"{""board"": ""CT State Medical Board"", ""verified"": true, ""dea_number"": ""FR8550370"", ""restrictions"": ""Probationary"", ""controlled_substance_license"": null}"
c67d6e03-3bd1-491d-baf7-013cc4fd0a1b,provider.md16@example.com,Michelle,Ray,<memory at 0x7276a10d4e80>,provider,True,True,2024-04-07T03:37:15.340409,2025-10-21T03:37:15.340420,67f5f352-b704-4f42-af46-99587702c9a3,MS,MS63413,MD,2022-08-03,2026-07-13,active,24,2022-08-03T03:37:17.234924,2025-11-12T03:37:17.234925,"{""board"": ""MS State Medical Board"", ""verified"": true, ""dea_number"": null, ""restrictions"": null, ""controlled_substance_license"": null}"
b2c0ff18-ee69-4ad1-8beb-60da720a6702,delegate3@credentialmate.com,Jill,Rhodes,,delegate,True,True,2025-02-16T03:37:11.014341,2025-11-09T03:37:11.014353,,,,,,,,,,,
88f6d03a-79a6-403f-a4d4-41c970254a57,provider.do1@example.com,Jeremy,Roberts,<memory at 0x7276a10d4f40>,provider,True,True,2024-08-27T03:37:15.734297,2025-10-24T03:37:15.734308,54209d16-7830-4cc8-a9cd-a4ee87e0cec6,MT,MT56595,DO,2022-01-13,2025-12-23,active,12,2022-01-13T03:37:17.236771,2025-10-23T03:37:17.236773,"{""board"": ""MT State Medical Board"", ""verified"": true, ""dea_number"": ""BR3059593"", ""restrictions"": null, ""controlled_substance_license"": null}"
88f6d03a-79a6-403f-a4d4-41c970254a57,provider.do1@example.com,Jeremy,Roberts,<memory at 0x7276a10d5000>,provider,True,True,2024-08-27T03:37:15.734297,2025-10-24T03:37:15.734308,9d93d347-dda6-4cfb-8b1c-64787f3ebc2d,ND,194313,DO,2021-12-07,2026-11-11,active,12,2021-12-07T03:37:17.237572,2025-10-22T03:37:17.237573,"{""board"": ""ND State Medical Board"", ""verified"": true, ""dea_number"": null, ""restrictions"": null, ""controlled_substance_license"": null}"
5cceced5-cde2-424b-84ac-9ff26f1e06f6,provider.multistate3@example.com,Maria,Rodriguez,,provider,True,True,2023-07-17T03:58:02.206497,2025-10-23T03:58:02.206499,10cb0cf6-524f-4839-a032-a5856a1cbe56,LA,LA891709,MD,2020-03-09,2022-02-27,active,24,2025-03-20T03:58:02.209135,2025-11-19T03:58:02.209136,
5cceced5-cde2-424b-84ac-9ff26f1e06f6,provider.multistate3@example.com,Maria,Rodriguez,,provider,True,True,2023-07-17T03:58:02.206497,2025-10-23T03:58:02.206499,527f3108-7cbd-4313-8dde-260b327d7924,MN,MN948425,MD,2021-05-07,2024-04-21,active,36,2025-08-31T03:58:02.209087,2025-11-19T03:58:02.209089,
5cceced5-cde2-424b-84ac-9ff26f1e06f6,provider.multistate3@example.com,Maria,Rodriguez,,provider,True,True,2023-07-17T03:58:02.206497,2025-10-23T03:58:02.206499,35c67fa1-ba7e-4b76-9c46-2a070d7e11b0,OR,OR886097,MD,2023-02-08,2026-01-23,active,36,2024-12-10T03:58:02.209190,2025-11-19T03:58:02.209191,
5cceced5-cde2-424b-84ac-9ff26f1e06f6,provider.multistate3@example.com,Maria,Rodriguez,,provider,True,True,2023-07-17T03:58:02.206497,2025-10-23T03:58:02.206499,4b94d2f0-3e61-4bbc-8c57-01ddec8b85fb,VA,VA209501,MD,2016-02-20,2017-02-14,active,12,2025-03-17T03:58:02.209166,2025-11-19T03:58:02.209168,
c5a4c0d9-24a9-4717-8d6d-be4442bf0084,provider.md9@example.com,Susan,Rogers,<memory at 0x7276a10d50c0>,provider,True,True,2025-02-07T03:37:13.999306,2025-11-09T03:37:13.999317,5e73a142-2623-442f-b808-9182bbf7e235,TX,TX25500,MD,2023-09-19,2027-08-29,active,24,2023-09-19T03:37:17.252714,2025-11-13T03:37:17.252715,"{""board"": ""TX State Medical Board"", ""verified"": true, ""dea_number"": ""AR3954337"", ""restrictions"": null, ""controlled_substance_license"": ""TX-CS-549679""}"
c5a4c0d9-24a9-4717-8d6d-be4442bf0084,provider.md9@example.com,Susan,Rogers,<memory at 0x7276a10d5180>,provider,True,True,2025-02-07T03:37:13.999306,2025-11-09T03:37:13.999317,6523c57f-4ebd-4083-bc07-b332c0cffa29,WA,805927,MD,2020-11-02,2026-10-02,active,12,2020-11-02T03:37:17.253274,2025-11-10T03:37:17.253275,"{""board"": ""WA State Medical Board"", ""verified"": true, ""dea_number"": ""BR8814801"", ""restrictions"": null, ""controlled_substance_license"": ""WA-CS-607312""}"
c266125f-2cd5-4996-99e5-ab572dedc12e,provider.md6@example.com,Lisa,Smith,<memory at 0x7276a10d5240>,provider,True,True,2025-01-14T03:37:12.373652,2025-11-13T03:37:12.373664,37622c6c-8aa8-45e9-87b9-2f1ffbf9cec3,AL,140315,MD,2020-08-23,2026-07-23,active,12,2020-08-23T03:37:17.249331,2025-11-02T03:37:17.249333,"{""board"": ""AL State Medical Board"", ""verified"": true, ""dea_number"": ""FS5688936"", ""restrictions"": null, ""controlled_substance_license"": null}"
c266125f-2cd5-4996-99e5-ab572dedc12e,provider.md6@example.com,Lisa,Smith,<memory at 0x7276a10d5300>,provider,True,True,2025-01-14T03:37:12.373652,2025-11-13T03:37:12.373664,ec2f1f6b-a74d-444a-86da-03df9a52a408,CO,M519967,MD,2021-05-05,2027-04-04,active,24,2021-05-05T03:37:17.248748,2025-10-29T03:37:17.248749,"{""board"": ""CO State Medical Board"", ""verified"": true, ""dea_number"": ""AS1034498"", ""restrictions"": null, ""controlled_substance_license"": ""CO-CS-193965""}"
c266125f-2cd5-4996-99e5-ab572dedc12e,provider.md6@example.com,Lisa,Smith,<memory at 0x7276a10d53c0>,provider,True,True,2025-01-14T03:37:12.373652,2025-11-13T03:37:12.373664,fa601df4-a4a8-418b-a13b-8d946416c181,CT,485635,MD,2021-10-25,2027-09-24,active,24,2021-10-25T03:37:17.250511,2025-11-17T03:37:17.250512,"{""board"": ""CT State Medical Board"", ""verified"": true, ""dea_number"": null, ""restrictions"": null, ""controlled_substance_license"": null}"
c266125f-2cd5-4996-99e5-ab572dedc12e,provider.md6@example.com,Lisa,Smith,<memory at 0x7276a10d5480>,provider,True,True,2025-01-14T03:37:12.373652,2025-11-13T03:37:12.373664,f0b9b497-c92f-48de-91a0-6a712536f8c1,IL,613541,MD,2021-04-08,2027-03-08,active,36,2021-04-08T03:37:17.249931,2025-11-15T03:37:17.249932,"{""board"": ""IL State Medical Board"", ""verified"": true, ""dea_number"": null, ""restrictions"": null, ""controlled_substance_license"": null}"
c266125f-2cd5-4996-99e5-ab572dedc12e,provider.md6@example.com,Lisa,Smith,<memory at 0x7276a10d5540>,provider,True,True,2025-01-14T03:37:12.373652,2025-11-13T03:37:12.373664,4b757e4a-e12e-461b-a5b5-188d5dc496ea,NJ,768436,MD,2020-06-20,2026-05-20,active,24,2020-06-20T03:37:17.248194,2025-11-13T03:37:17.248196,"{""board"": ""NJ State Medical Board"", ""verified"": true, ""dea_number"": ""FS2833381"", ""restrictions"": null, ""controlled_substance_license"": null}"
c266125f-2cd5-4996-99e5-ab572dedc12e,provider.md6@example.com,Lisa,Smith,<memory at 0x7276a10d5600>,provider,True,True,2025-01-14T03:37:12.373652,2025-11-13T03:37:12.373664,d4819b5d-59fb-4b7e-9477-ec54a7604a47,WV,M342011,MD,2022-03-28,2026-03-07,active,12,2022-03-28T03:37:17.251062,2025-10-28T03:37:17.251063,"{""board"": ""WV State Medical Board"", ""verified"": true, ""dea_number"": ""BS8008631"", ""restrictions"": null, ""controlled_substance_license"": null}"
b6da3cc0-e04d-40f2-a66a-ae2d1d34a4f3,support@blueshift.com,Support,Specialist,,admin,True,True,2025-03-20T03:37:10.425339,2025-11-12T03:37:10.425358,,,,,,,,,,,
6e49c92c-c537-407b-9b9b-a2dd9508f60b,provider.multistate9@example.com,Emily,Taylor,,provider,True,True,2024-06-28T03:58:02.233326,2025-11-08T03:58:02.233327,f25ccf16-be52-460f-985f-00c2b05e0133,DE,DE368697,MD,2021-08-05,2024-07-20,active,36,2025-05-20T03:58:02.235760,2025-11-19T03:58:02.235761,
6e49c92c-c537-407b-9b9b-a2dd9508f60b,provider.multistate9@example.com,Emily,Taylor,,provider,True,True,2024-06-28T03:58:02.233326,2025-11-08T03:58:02.233327,62aef95a-e1a9-493b-b623-4ef62cf94390,ND,ND560124,MD,2017-12-08,2019-11-28,active,24,2025-03-08T03:58:02.235807,2025-11-19T03:58:02.235808,
6e49c92c-c537-407b-9b9b-a2dd9508f60b,provider.multistate9@example.com,Emily,Taylor,,provider,True,True,2024-06-28T03:58:02.233326,2025-11-08T03:58:02.233327,0510ef1a-0af7-4fd7-b98d-d207b69738d9,NY,NY568252,MD,2024-09-19,2025-09-14,active,12,2024-12-24T03:58:02.235784,2025-11-19T03:58:02.235785,
6e49c92c-c537-407b-9b9b-a2dd9508f60b,provider.multistate9@example.com,Emily,Taylor,,provider,True,True,2024-06-28T03:58:02.233326,2025-11-08T03:58:02.233327,36c0bb9d-f298-490c-8ba2-06acb322a79f,RI,RI501743,MD,2023-08-03,2025-12-25,active,36,2025-08-30T03:58:02.235721,2025-11-19T03:58:02.235722,
24ee2083-87ec-4360-96db-cbd86ceeaa30,provider.multistate4@example.com,James,Thompson,,provider,True,True,2023-08-28T03:58:02.210663,2025-10-28T03:58:02.210665,2f8a547d-c509-44d7-a5c8-e4fbca61961b,CA,CA699858,DO,2021-06-27,2022-06-22,active,12,2024-11-25T03:58:02.213780,2025-11-19T03:58:02.213781,
24ee2083-87ec-4360-96db-cbd86ceeaa30,provider.multistate4@example.com,James,Thompson,,provider,True,True,2023-08-28T03:58:02.210663,2025-10-28T03:58:02.210665,6dac2cbe-dbdd-4e01-9809-a465b9889e3e,NV,NV668008,DO,2015-12-11,2017-11-30,active,24,2025-01-09T03:58:02.213752,2025-11-19T03:58:02.213753,
24ee2083-87ec-4360-96db-cbd86ceeaa30,provider.multistate4@example.com,James,Thompson,,provider,True,True,2023-08-28T03:58:02.210663,2025-10-28T03:58:02.210665,52fb3b7e-1c99-465a-aebf-ec1999fe4c42,TN,TN533974,DO,2020-11-27,2022-11-17,active,24,2025-07-02T03:58:02.213706,2025-11-19T03:58:02.213708,
24ee2083-87ec-4360-96db-cbd86ceeaa30,provider.multistate4@example.com,James,Thompson,,provider,True,True,2023-08-28T03:58:02.210663,2025-10-28T03:58:02.210665,ae733a24-9a1c-4f1f-a1f4-bab87fba1a4d,WA,WA633172,DO,2016-10-06,2019-09-21,active,36,2024-11-26T03:58:02.213804,2025-11-19T03:58:02.213805,
1631742a-7a95-43fa-8127-e90544f8fa95,provider.multistate19@example.com,Rachel,Thompson,,provider,True,True,2025-04-20T03:58:02.280368,2025-10-25T03:58:02.280370,9ee888e0-865e-469c-a5d7-489d759c562d,NJ,NJ311846,MD,2018-03-12,2026-02-07,active,12,2025-01-08T03:58:02.283893,2025-11-19T03:58:02.283894,
1631742a-7a95-43fa-8127-e90544f8fa95,provider.multistate19@example.com,Rachel,Thompson,,provider,True,True,2025-04-20T03:58:02.280368,2025-10-25T03:58:02.280370,f507a503-9c43-4686-88c7-43b445ec5d1e,NY,NY238100,MD,2023-11-15,2025-11-04,active,24,2025-07-23T03:58:02.283917,2025-11-19T03:58:02.283918,
1631742a-7a95-43fa-8127-e90544f8fa95,provider.multistate19@example.com,Rachel,Thompson,,provider,True,True,2025-04-20T03:58:02.280368,2025-10-25T03:58:02.280370,864ac9fe-5c87-4464-978f-168b5a3db8e8,TN,TN703709,MD,2024-07-16,2026-07-06,active,24,2024-12-18T03:58:02.283789,2025-11-19T03:58:02.283790,
1631742a-7a95-43fa-8127-e90544f8fa95,provider.multistate19@example.com,Rachel,Thompson,,provider,True,True,2025-04-20T03:58:02.280368,2025-10-25T03:58:02.280370,f0277b49-82ba-4da6-a868-8dab8f15c0c8,VA,VA343964,MD,2023-02-20,2025-02-09,active,24,2025-06-26T03:58:02.283867,2025-11-19T03:58:02.283868,
1631742a-7a95-43fa-8127-e90544f8fa95,provider.multistate19@example.com,Rachel,Thompson,,provider,True,True,2025-04-20T03:58:02.280368,2025-10-25T03:58:02.280370,acc659ae-3f25-47f1-b584-4a3aef417c76,WI,WI746807,MD,2020-10-05,2022-09-25,active,24,2025-01-15T03:58:02.283834,2025-11-19T03:58:02.283835,
1839a55e-e919-4eba-bd15-f823c2fb760f,provider.md2@example.com,Jeffery,Wagner,<memory at 0x7276a10d56c0>,provider,True,True,2024-11-24T03:37:11.588587,2025-10-22T03:37:11.588596,7f2da38c-3a12-4410-a1d8-1fd6f963a54a,UT,UT48782,MD,2021-02-06,2027-01-06,active,24,2021-02-06T03:37:17.243084,2025-10-27T03:37:17.243085,"{""board"": ""UT State Medical Board"", ""verified"": true, ""dea_number"": null, ""restrictions"": null, ""controlled_substance_license"": null}"
f7c922de-dee3-43b2-8c8d-fb26fd1273ad,delegate2@credentialmate.com,Joshua,Walker,,delegate,True,True,2025-06-16T03:37:10.821708,2025-11-16T03:37:10.821719,,,,,,,,,,,
561494fb-1235-4f1d-94dd-b7db3e05e4b6,provider.multistate16@example.com,Joshua,White,,provider,True,True,2023-05-10T03:58:02.266072,2025-11-16T03:58:02.266074,695d8dee-4f3b-409e-bad6-ef1f9b9bde8a,AZ,AZ482058,DO,2017-07-20,2020-07-04,active,36,2025-01-05T03:58:02.268835,2025-11-19T03:58:02.268837,
561494fb-1235-4f1d-94dd-b7db3e05e4b6,provider.multistate16@example.com,Joshua,White,,provider,True,True,2023-05-10T03:58:02.266072,2025-11-16T03:58:02.266074,7c758e56-e10b-447e-9b61-612b4a3a2819,MA,MA557026,DO,2017-02-15,2020-01-31,active,36,2025-09-05T03:58:02.268883,2025-11-19T03:58:02.268884,
561494fb-1235-4f1d-94dd-b7db3e05e4b6,provider.multistate16@example.com,Joshua,White,,provider,True,True,2023-05-10T03:58:02.266072,2025-11-16T03:58:02.266074,1837b0a4-f765-4877-bfa7-a1f1e95ff22a,NC,NC526777,DO,2021-08-27,2023-08-17,active,24,2024-12-30T03:58:02.268941,2025-11-19T03:58:02.268942,
561494fb-1235-4f1d-94dd-b7db3e05e4b6,provider.multistate16@example.com,Joshua,White,,provider,True,True,2023-05-10T03:58:02.266072,2025-11-16T03:58:02.266074,bcc6b015-0c92-436c-8a56-48fab80ce899,NJ,NJ822416,DO,2018-08-28,2021-08-12,active,36,2025-05-22T03:58:02.268911,2025-11-19T03:58:02.268912,
561494fb-1235-4f1d-94dd-b7db3e05e4b6,provider.multistate16@example.com,Joshua,White,,provider,True,True,2023-05-10T03:58:02.266072,2025-11-16T03:58:02.266074,7ca1fedd-a453-46be-a436-3355706a9f3f,NY,NY895108,DO,2020-10-10,2023-09-25,active,36,2025-09-05T03:58:02.268965,2025-11-19T03:58:02.268966,
a487b787-053e-4ebc-81ca-f1d89435208e,provider.md17@example.com,Janet,Williams,<memory at 0x7276a10d5780>,provider,True,True,2024-08-05T03:37:15.538829,2025-11-16T03:37:15.538839,92125906-1aa6-419f-aedc-1207e60f19cd,AL,998202,MD,2024-05-22,2026-05-12,active,12,2024-05-22T03:37:17.236185,2025-10-20T03:37:17.236186,"{""board"": ""AL State Medical Board"", ""verified"": true, ""dea_number"": ""FW2060616"", ""restrictions"": null, ""controlled_substance_license"": null}"
a487b787-053e-4ebc-81ca-f1d89435208e,provider.md17@example.com,Janet,Williams,<memory at 0x7276a10d5840>,provider,True,True,2024-08-05T03:37:15.538829,2025-11-16T03:37:15.538839,fc8b1669-4120-474a-813f-18f7cd95a047,MI,MI-70024,MD,2020-04-24,2026-03-24,active,36,2020-04-24T03:37:17.235574,2025-11-16T03:37:17.235575,"{""board"": ""MI State Medical Board"", ""verified"": true, ""dea_number"": null, ""restrictions"": ""Probationary"", ""controlled_substance_license"": null}"
c068655d-23d3-4cb0-bac1-ef53b8f72d26,provider.multistate6@example.com,Michael,Williams,,provider,True,True,2023-11-05T03:58:02.219617,2025-11-04T03:58:02.219619,a4086e4a-3ad3-42a2-8a64-f05b94133524,IL,IL138543,DO,2019-06-15,2022-05-30,active,36,2024-12-24T03:58:02.222321,2025-11-19T03:58:02.222322,
c068655d-23d3-4cb0-bac1-ef53b8f72d26,provider.multistate6@example.com,Michael,Williams,,provider,True,True,2023-11-05T03:58:02.219617,2025-11-04T03:58:02.219619,c5dc73cd-232b-485a-a644-14f1ab9f1e78,KS,KS994304,DO,2016-11-23,2019-11-08,active,36,2024-12-07T03:58:02.222346,2025-11-19T03:58:02.222347,
c068655d-23d3-4cb0-bac1-ef53b8f72d26,provider.multistate6@example.com,Michael,Williams,,provider,True,True,2023-11-05T03:58:02.219617,2025-11-04T03:58:02.219619,cfee63a6-cee4-4031-bf0c-abad7c6accfe,NH,NH248322,DO,2019-01-27,2021-01-16,active,24,2025-02-02T03:58:02.222393,2025-11-19T03:58:02.222394,
c068655d-23d3-4cb0-bac1-ef53b8f72d26,provider.multistate6@example.com,Michael,Williams,,provider,True,True,2023-11-05T03:58:02.219617,2025-11-04T03:58:02.219619,ddb2db4b-c885-4ba4-8414-87e063f1df2e,OK,OK724233,DO,2023-07-29,2024-07-23,active,12,2025-08-25T03:58:02.222370,2025-11-19T03:58:02.222371,
c068655d-23d3-4cb0-bac1-ef53b8f72d26,provider.multistate6@example.com,Michael,Williams,,provider,True,True,2023-11-05T03:58:02.219617,2025-11-04T03:58:02.219619,8aa7c3e9-5ed3-4560-96ef-8ab0c4f6745a,TX,TX188511,DO,2017-06-04,2018-05-30,active,12,2025-06-19T03:58:02.222278,2025-11-19T03:58:02.222279,
56647db3-a328-425f-a745-3f34e3d258f9,provider.multistate13@example.com,Jessica,Wilson,,provider,True,True,2022-11-21T03:58:02.251747,2025-11-06T03:58:02.251748,3166f93f-47e6-4a85-831c-a35d4e862a12,CA,CA587690,MD,2020-02-26,2023-02-10,active,36,2025-03-06T03:58:02.254466,2025-11-19T03:58:02.254467,
56647db3-a328-425f-a745-3f34e3d258f9,provider.multistate13@example.com,Jessica,Wilson,,provider,True,True,2022-11-21T03:58:02.251747,2025-11-06T03:58:02.251748,cd07a33b-8650-4c2c-9341-0d0e37040b81,WI,WI936287,MD,2018-11-07,2020-10-27,active,24,2025-07-16T03:58:02.254511,2025-11-19T03:58:02.254512,
7001f867-43bf-425d-a6b9-a8cfc6ca05d4,provider.md7@example.com,Linda,Wolfe,<memory at 0x7276a10d5900>,provider,True,True,2023-01-30T03:37:13.065144,2025-11-12T03:37:13.065156,c85e0e06-9a19-4e4f-8dae-737a7d252269,VT,VT87987,MD,2022-10-05,2026-09-14,active,24,2022-10-05T03:37:17.251606,2025-11-09T03:37:17.251608,"{""board"": ""VT State Medical Board"", ""verified"": true, ""dea_number"": ""AW2778791"", ""restrictions"": null, ""controlled_substance_license"": ""VT-CS-506799""}"
5864f73d-8633-4197-8b83-bfc207005736,provider.do6@example.com,Joseph,Zuniga,<memory at 0x7276a10d59c0>,provider,True,True,2025-04-23T03:37:16.700284,2025-11-18T03:37:16.700294,6cf8553a-17a7-4a1d-86a3-63513d146a8c,MN,117876,DO,2022-10-21,2026-09-30,active,24,2022-10-21T03:37:17.240713,2025-11-18T03:37:17.240715,"{""board"": ""MN State Medical Board"", ""verified"": true, ""dea_number"": null, ""restrictions"": null, ""controlled_substance_license"": null}"
