Task_ID,Title,Severity,Category,Status,Estimated_Hours,Dependencies,Files_Affected,HIPAA_Regulation,Description,Solution_Low_Traffic,Monthly_Cost,Acceptance_Criteria
HIPAA-001,Implement Comprehensive Audit Logging System with 10-Year Retention,CRITICAL,Audit & Compliance,Open,40,None,"backend/app/models/audit_log.py, backend/app/services/audit_service.py, scripts/archive-old-audit-logs.sh",45 CFR 164.312(b) - Audit Controls,"Create dedicated audit_logs table with fields: id, timestamp, user_id, action_type (CREATE/READ/UPDATE/DELETE), resource_type (User/Document/License/etc), resource_id, phi_accessed (boolean), ip_address, user_agent, changes_made (JSONB), status (success/failure). Implement AuditService class with methods: log_phi_access(), log_admin_action(), log_authentication_event().","LOW TRAFFIC: Store audit logs in PostgreSQL (not CloudWatch). Create monthly cron job to export logs older than 1 year to S3 Glacier Deep Archive. Keep recent logs (1 year) in PostgreSQL for fast queries. Cost: $0.05/month (vs $6/month CloudWatch).",$0.05/month (S3 Glacier),"1. All PHI access logged automatically, 2. Audit logs immutable (append-only), 3. Monthly archive to S3 Glacier for 10-year retention, 4. Admin dashboard shows recent audit trail, 5. Cannot delete audit entries, 6. Query performance <50ms for recent logs"
HIPAA-002,Add Rate Limiting on Authentication Endpoints,CRITICAL,Authentication Security,Open,6 (reduced from 8),None,"backend/app/routers/auth.py, backend/requirements.txt","OWASP A7:2017 - Broken Authentication, 45 CFR 164.308(a)(5)(ii)(D)","Install slowapi package. Configure rate limits: POST /api/auth/login = 5 attempts per 15 minutes per IP, POST /api/auth/register = 3 attempts per hour per IP, POST /api/auth/refresh = 10 attempts per minute per IP. Add Limiter middleware to FastAPI app. Return 429 Too Many Requests with Retry-After header.","LOW TRAFFIC: Use slowapi with IN-MEMORY storage (no Redis needed). Sufficient for <10 concurrent users. Trade-off: Rate limits reset on server restart (acceptable for low traffic). No need for docker-compose.yml redis service. Cost: $0/month.",$0/month (in-memory),"1. Login blocked after 5 failed attempts for 15 minutes, 2. Registration limited to 3 attempts per hour, 3. Returns 429 status with clear error, 4. In-memory storage sufficient for <10 users, 5. Automated tests verify brute force prevention"
HIPAA-003,Implement PHI Sanitization in Application Logs,CRITICAL,Data Protection,Open,12,None,"backend/app/core/logging.py, backend/app/services/log_sanitizer.py, backend/app/core/config.py","45 CFR 164.312 - Technical Safeguards, 45 CFR 164.514(b) - De-identification","Create LogSanitizer class with methods: sanitize_phi(), redact_field(). Define PHI field patterns: NPI (regex: \d{10}), email (regex pattern), names (first_name, last_name fields), SSN (regex: \d{3}-\d{2}-\d{4}), dates of birth. Replace PHI values with [REDACTED] or [PHI] in logs. Implement custom logging formatter that calls sanitizer before writing.","SAME FOR ALL TRAFFIC LEVELS: Code-level implementation (no infrastructure cost). Set PHI_LOGGING_DISABLED=true in production .env. Add @sanitize_logs decorator for sensitive functions. Preserve request IDs, timestamps, error types for debugging.",$0/month (code only),"1. No NPI numbers appear in logs, 2. No email addresses in logs, 3. No names in logs (except user IDs), 4. No SSN in logs, 5. Logs useful for debugging (include request IDs, timestamps), 6. Sanitization adds <1ms overhead, 7. Exception: Audit logs MUST contain full PHI"
HIPAA-004,Migrate Secrets to AWS Secrets Manager with Rotation,CRITICAL,Secrets Management,Open,16,None,"backend/app/core/config.py, backend/app/services/secrets_manager.py","45 CFR 164.312(a)(2)(iv) - Encryption and Decryption, NIST 800-53 SC-12","Create AWS Secrets Manager secrets: credentialmate/prod/database (password, connection string), credentialmate/prod/jwt (SECRET_KEY), credentialmate/prod/aws (access keys), credentialmate/prod/encryption (Fernet key). Implement SecretsManagerService class with methods: get_secret(), refresh_secret(). Configure automatic rotation policy: Database password every 90 days, JWT secret every 180 days.","KEEP AWS SECRETS MANAGER: Worth $1.60/month for automatic rotation + audit trail. DO NOT use .env files in production. Alternative (manual encryption) too error-prone and violates HIPAA best practices. Store Fernet encryption key in Secrets Manager (not .env).",$1.60/month (4 secrets),"1. No secrets in .env or code, 2. All secrets loaded from AWS Secrets Manager, 3. Rotation works automatically, 4. Application restarts gracefully on rotation, 5. IAM permissions: application can read only, 6. Secrets versioned in AWS"
HIPAA-005,Implement Session Timeout and Token Revocation System,CRITICAL,Session Management,Open,18 (reduced from 20),None,"backend/app/services/token_blacklist.py, backend/app/routers/auth.py, backend/app/models/token_blacklist.py, frontend/lib/auth.ts","45 CFR 164.308(a)(5)(ii)(D) - Session Timeout, OWASP A2:2017 - Broken Authentication","Create token_blacklist table: id, token_jti (JWT ID), user_id, revoked_at, expires_at, reason (logout/admin_revoke/inactivity). Add jti claim to JWT tokens. Implement TokenBlacklistService with methods: revoke_token(), is_token_revoked(). Add middleware to check blacklist before validating JWT. Implement POST /api/auth/logout endpoint. Add inactivity timeout: Frontend tracks last activity, auto-logout after 15 minutes idle.","LOW TRAFFIC: Store token blacklist in PostgreSQL (not Redis). Performance sufficient for <10 users (~5ms vs Redis ~1ms - negligible). Daily cron job to delete expired tokens. Cost: $0/month. Trade-off: Slightly slower than Redis but acceptable for low traffic.",$0/month (PostgreSQL),"1. Logout invalidates tokens immediately, 2. Inactive users auto-logout after 15 minutes, 3. Revoked tokens return 401, 4. Users can view active sessions, 5. Users can remotely logout sessions, 6. Admin can revoke tokens, 7. Daily cleanup removes expired entries"
HIPAA-006,Add Comprehensive Security Headers,HIGH,API Security,Open,2,None,"backend/app/main.py, backend/app/middleware/security_headers.py","OWASP A6:2017 - Security Misconfiguration, 45 CFR 164.312(e)(1) - Transmission Security","Add security headers middleware to FastAPI app. Configure headers: X-Content-Type-Options: nosniff, X-Frame-Options: DENY, X-XSS-Protection: 1; mode=block, Strict-Transport-Security: max-age=31536000; includeSubDomains, Content-Security-Policy: default-src 'self'; script-src 'self' 'unsafe-inline', Referrer-Policy: strict-origin-when-cross-origin, Permissions-Policy: geolocation=() microphone=() camera=(). Test with securityheaders.com.","SAME FOR ALL TRAFFIC LEVELS: Code-level implementation (no infrastructure cost). QUICK WIN: 2 hours effort, high security impact. Grade improves from F to A on securityheaders.com.",$0/month (code only),"1. All 7 security headers present, 2. securityheaders.com grade = A, 3. No browser warnings, 4. HSTS forces HTTPS, 5. CSP blocks inline scripts, 6. X-Frame-Options prevents clickjacking, 7. Automated test verifies headers"
HIPAA-007,Implement Field-Level Encryption for NPI and SSN,HIGH,Data Protection,Open,20 (reduced from 24),"HIPAA-004 (Secrets Manager)","backend/app/services/encryption_service.py, backend/app/models/user.py, backend/alembic/versions/*_encrypt_phi_fields.py","45 CFR 164.312(a)(2)(iv) - Encryption and Decryption, NIST 800-171 3.13.11","Install cryptography package. Implement EncryptionService class with methods: encrypt_field(plaintext), decrypt_field(ciphertext). Update User model: Add npi_encrypted (LargeBinary) and ssn_encrypted (LargeBinary) columns. Add Python properties that auto-decrypt on access. Create Alembic migration to encrypt existing plaintext values. Add decryption audit logging.","LOW TRAFFIC: Use Fernet symmetric encryption (not AWS KMS). HIPAA compliant (AES-128 CBC + HMAC). Store encryption key in AWS Secrets Manager. Manual key rotation every 180 days (script provided). Cost: $0/month (vs $1.50/month KMS). Trade-off: No automatic audit trail of key usage.",$0/month (Fernet),"1. NPI stored as encrypted bytes, 2. SSN stored as encrypted bytes, 3. Decryption only on explicit access, 4. DBA sees only encrypted data, 5. Manual key rotation script documented, 6. Every decryption logged to audit trail, 7. Performance: <10ms per operation"
HIPAA-008,Migrate Token Storage from localStorage to httpOnly Cookies,HIGH,Session Management,Open,12,None,"frontend/lib/auth.ts, frontend/hooks/use-auth.ts, backend/app/routers/auth.py, backend/app/core/security.py","OWASP A7:2017 - XSS, 45 CFR 164.312(e)(1) - Transmission Security","Update POST /api/auth/login to return tokens in Set-Cookie header instead of JSON body. Configure cookie flags: HttpOnly=true, Secure=true, SameSite=Strict, Max-Age=1800 (access token), Max-Age=604800 (refresh token). Remove all localStorage.setItem/getItem calls from frontend. Update frontend fetch to include credentials: 'include'. Implement CSRF protection: Generate CSRF token, store in non-httpOnly cookie, validate on mutation requests.","SAME FOR ALL TRAFFIC LEVELS: Code-level implementation (no infrastructure cost). Critical XSS vulnerability fix. Prevents token theft via XSS attacks or malicious browser extensions.",$0/month (code only),"1. Tokens NEVER accessible to JavaScript, 2. Cookies have httpOnly flag, 3. Cookies have Secure flag (HTTPS only), 4. SameSite=Strict CSRF protection, 5. CSRF token validates mutations, 6. XSS scripts cannot steal tokens, 7. Works in Chrome, Firefox, Safari, Edge"
HIPAA-009,Implement Account Lockout After Failed Login Attempts,HIGH,Authentication Security,Open,8,HIPAA-002 (rate limiting),"backend/app/models/login_attempt.py, backend/app/services/auth_service.py, backend/app/routers/auth.py","OWASP A2:2017 - Broken Authentication, NIST 800-63B 5.2.2","Create login_attempts table: id, email, ip_address, attempted_at, success (boolean). Track all login attempts. Implement lockout logic: 5 failed attempts within 15 minutes = account locked. Add account_locked_until (DateTime) to User model. Return HTTP 423 Locked when locked. Send email notification on lock. Implement unlock mechanisms: Auto-unlock after 30 minutes, Email unlock link with signed token, Admin manual unlock in dashboard. Add CAPTCHA (hCaptcha or reCAPTCHA) after 3 failed attempts.","SAME FOR ALL TRAFFIC LEVELS: Code-level implementation (no infrastructure cost). Works with in-memory rate limiting for defense in depth.",$0/month (code only),"1. Account locks after 5 failures in 15 min, 2. Email notification sent on lock, 3. Email contains unlock link, 4. Auto-unlock after 30 minutes, 5. Admin can unlock accounts, 6. CAPTCHA after 3 failures, 7. Successful login resets counter"
HIPAA-010,Create Incident Response Procedures Documentation,HIGH,Compliance & Governance,Open,8,None,".orchestration/INCIDENT_RESPONSE_PLAN.md, .orchestration/BREACH_NOTIFICATION_TEMPLATE.md, .orchestration/INCIDENT_CHECKLIST.md","45 CFR 164.308(a)(6) - Security Incident Procedures, 45 CFR 164.400-414 - Breach Notification","Create comprehensive incident response documentation. Define incident categories: Data breach, Unauthorized access, System compromise, DDoS attack, Insider threat. Document 6-phase response: Detection/Reporting, Containment, Investigation, Eradication, Recovery, Post-Incident Review. Create breach notification template with required elements: Description, Date discovered, PHI types involved, Steps individuals should take, Organization actions, Contact info. Define roles: Incident Commander, Technical Lead, Legal/Compliance, Communications. Include contact lists, escalation procedures, 60-day notification timeline.","SAME FOR ALL TRAFFIC LEVELS: Documentation task (no infrastructure cost). Required for HIPAA compliance regardless of user volume.",$0/month (documentation),"1. Complete incident response plan documented, 2. Breach notification template ready, 3. Incident checklist created, 4. Roles defined, 5. Contact lists current, 6. Escalation procedures documented, 7. 60-day timeline documented, 8. HHS reporting requirements documented"
HIPAA-011,Implement Backup Restore Testing Procedures,MEDIUM,Business Continuity,Open,12,None,".orchestration/BACKUP_RESTORE_PROCEDURES.md, scripts/test-backup-restore.sh","45 CFR 164.308(a)(7)(i) - Contingency Plan, NIST 800-53 CP-9","Create automated backup restore testing script. Define test schedule: Quarterly full restore test, Monthly partial restore test. Document procedures: Create test RDS instance from backup, Restore database, Verify data integrity (row counts, sample queries), Test application connection, Document results. Define success criteria: RTO = 4 hours, RPO = 1 hour. Send email notification with results. Document restore runbook for disaster scenarios.","LOW TRAFFIC: Manual quarterly restore tests sufficient (no Lambda automation needed). AWS Lambda free tier covers minimal automation needs. Cost: $0/month.",$0/month (free tier),"1. Quarterly restore tests documented, 2. Test results logged, 3. RTO documented (4 hours), 4. RPO documented (1 hour), 5. Restore runbook tested, 6. Team trained on procedures, 7. Test failures trigger alerts"
HIPAA-012,Add MFA for Admin Accounts,MEDIUM,Authentication Enhancement,Open,16,HIPAA-005 (session management),"backend/app/models/mfa.py, backend/app/services/mfa_service.py, backend/app/routers/auth.py, frontend/app/dashboard/settings/security/page.tsx","NIST 800-63B 5.1.3 - Multi-Factor Authentication, 45 CFR 164.312(a)(2)(i)","Install pyotp package for TOTP. Create mfa_secrets table: id, user_id, secret_key, enabled, backup_codes (array). Implement MFAService with methods: generate_secret(), verify_totp(), generate_backup_codes(). Add MFA setup flow: Display QR code for authenticator app, User scans QR and enters verification code, Generate 10 backup codes for download. Update login flow: After password validation, if MFA enabled, prompt for TOTP code. Allow backup codes (one-time use). Require MFA for all admin and delegate roles. Add MFA status to user dashboard.","SAME FOR ALL TRAFFIC LEVELS: Use pyotp (free, open source TOTP implementation). Works with Google Authenticator, Authy, Microsoft Authenticator. No external service needed (vs AWS Cognito ~$5/month for 100 users).",$0/month (pyotp),"1. Admin users required to enable MFA, 2. TOTP codes work with authenticator apps, 3. Backup codes work once only, 4. MFA status visible in settings, 5. Cannot disable without re-auth, 6. Lost device recovery documented, 7. Works with Google Authenticator, Authy, Microsoft Authenticator"
HIPAA-013,Implement Malware Scanning for File Uploads,MEDIUM,Data Protection,Open,12,None,"backend/app/services/malware_scanner.py, docker-compose.yml, backend/Dockerfile, backend/app/routers/upload.py","NIST 800-53 SI-3 - Malicious Code Protection, 45 CFR 164.308(a)(5)(ii)(B)","Add ClamAV service to docker-compose.yml. Install clamd and pyclamd in backend container. Implement MalwareScannerService class with methods: scan_file(file_path), is_clean(). Integrate into document upload flow: After file validation, before S3 upload, scan with ClamAV. If malware detected: Log security event, Return 400 error to user, Delete file immediately, Notify admin. Configure ClamAV virus definitions auto-update (daily). Add scanning status to Document model: scanned_at, scan_result, scan_engine_version. Add /api/admin/malware-logs endpoint.","SAME FOR ALL TRAFFIC LEVELS: Use ClamAV (free, open source). Industry standard malware scanner. Auto-updates virus definitions daily via freshclam. No cost regardless of traffic volume.",$0/month (ClamAV),"1. All files scanned before S3 storage, 2. Malware detected and blocked, 3. Users notified if rejected, 4. Admin receives alerts, 5. Definitions update daily, 6. Scanning adds <5 seconds to upload, 7. Scan results logged in database"
HIPAA-014,Harden CORS Configuration and Remove Wildcard Methods,MEDIUM,API Security,Open,4,None,"backend/app/core/config.py, backend/app/main.py","OWASP A6:2017 - Security Misconfiguration, NIST 800-53 SC-7","Update CORS configuration in backend/app/main.py. Remove allow_methods=['*'] wildcard. Specify explicit allowed methods: ['GET', 'POST', 'PUT', 'DELETE', 'PATCH']. Update allow_origins to specific domains only (no wildcards in production). Set allow_credentials=True only for same-origin requests. Add expose_headers for custom headers like X-Total-Count. Set max_age=3600 for preflight caching. Add CORS validation tests. Document CORS policy in API documentation.","SAME FOR ALL TRAFFIC LEVELS: Code-level implementation (no infrastructure cost). Production config different from development.",$0/month (code only),"1. No wildcards in CORS config, 2. Only required HTTP methods allowed, 3. Origins explicitly whitelisted, 4. Credentials only for trusted origins, 5. Preflight cached 1 hour, 6. CORS rejections logged, 7. Production uses strict CORS"
HIPAA-015,Implement Password Complexity Requirements and Expiration Policy,MEDIUM,Authentication Security,Open,8,None,"backend/app/services/password_policy.py, backend/app/routers/auth.py, backend/app/models/user.py, frontend/components/auth/password-strength.tsx","NIST 800-63B 5.1.1 - Password Requirements, 45 CFR 164.308(a)(5)(ii)(D)","Implement PasswordPolicyService class with validate_password() method. Define password requirements: Minimum 12 characters (increased from 8), At least 1 uppercase letter, At least 1 lowercase letter, At least 1 number, At least 1 special character, Cannot contain username or email, Cannot match previous 5 passwords. Add password_history table: id, user_id, password_hash, created_at. Implement password expiration: Passwords expire every 90 days (regular users), 60 days (admin users), Users warned 7 days before expiration, Expired passwords force reset on login. Add frontend password strength indicator. Store password_changed_at in User model.","SAME FOR ALL TRAFFIC LEVELS: Code-level implementation (no infrastructure cost). Password history stored in PostgreSQL.",$0/month (code only),"1. Weak passwords rejected with clear error, 2. Cannot reuse previous 5 passwords, 3. Password strength indicator shows feedback, 4. Passwords expire (90 days regular, 60 days admin), 5. Users warned 7 days before expiration, 6. Expired passwords require reset, 7. Security test verifies cannot bypass policy"
HIPAA-016,Add Concurrent Session Limits Per User,LOW,Session Management,Open,6 (reduced from 8),HIPAA-005 (token revocation),"backend/app/services/session_manager.py, backend/app/models/user_session.py, backend/app/routers/auth.py, frontend/app/dashboard/settings/sessions/page.tsx","NIST 800-53 AC-10 - Concurrent Session Control, 45 CFR 164.312(a)(2)(i)","Create user_sessions table: id, user_id, session_token (jti), device_info, ip_address, user_agent, created_at, last_activity_at, is_active. Implement SessionManagerService with methods: create_session(), get_active_sessions(), revoke_session(). Enforce concurrent session limit: Max 3 active sessions per user. On 4th login: Show user list of active sessions, Allow user to choose which session to terminate, Auto-terminate oldest session if no choice made. Add GET /api/auth/sessions endpoint to list active sessions. Add DELETE /api/auth/sessions/{id} to manually logout session. Display active sessions in user settings page.","LOW TRAFFIC: Store sessions in PostgreSQL (not Redis). Performance sufficient for <10 users. Cost: $0/month. Session tracking updates on every API call (last_activity_at timestamp).",$0/month (PostgreSQL),"1. Users limited to 3 concurrent sessions, 2. 4th login shows session management UI, 3. Users can view all active sessions, 4. Users can remotely logout sessions, 5. Session list shows device, location, IP, last activity, 6. Oldest session auto-terminated if limit exceeded"
HIPAA-017,Implement Data Retention Policies Enforcement,LOW,Compliance & Governance,Open,16,None,"backend/app/services/retention_policy.py, backend/app/models/retention_policy.py, scripts/retention-cleanup-job.py","45 CFR 164.316(b)(2) - Retention Requirements, NIST 800-53 SI-12","Define retention policies by data type: PHI (documents, licenses) = 10 years, Audit logs = 10 years, User accounts (inactive) = 3 years, Temporary files (uploads) = 30 days, Session data = 90 days. Create retention_policies table: id, resource_type, retention_days, archive_after_days. Implement RetentionPolicyService with methods: apply_retention(), archive_old_data(), delete_expired_data(). Create scheduled job (daily 2 AM): Archives data past retention_days, Deletes data past archive_days, Logs all retention actions. Add soft delete to all models: deleted_at field. Implement data archival to S3 Glacier before deletion.","SAME FOR ALL TRAFFIC LEVELS: Daily cron job archives old data to S3 Glacier. Cost scales with data volume (minimal for <10 users). Estimated ~$0.50/month for 10 years of retention.",$0.50/month (S3 Glacier),"1. Data auto-archived after retention period, 2. Data deleted after extended retention, 3. Job runs daily without errors, 4. All retention actions logged in audit trail, 5. Archived data accessible via admin request, 6. Cannot delete data before retention period, 7. HIPAA 10-year retention enforced"
HIPAA-018,Add Row-Level Security Policies in PostgreSQL,LOW,Database Security,Open,12,None,"backend/alembic/versions/*_add_row_level_security.py, infrastructure/database-security.sql, backend/app/core/database.py","NIST 800-53 AC-3 - Access Enforcement, 45 CFR 164.312(a)(1)","Enable Row-Level Security (RLS) in PostgreSQL. Create policies: Providers can only access their own data (documents, licenses, CME), Delegates can access data for providers they manage, Admins can access all data. Implement RLS policies: CREATE POLICY provider_isolation ON documents USING (user_id = current_setting('app.current_user_id')::uuid), CREATE POLICY delegate_access ON documents USING (user_id IN (SELECT provider_id FROM delegations WHERE delegate_id = current_setting('app.current_user_id')::uuid)). Set session variable on each request: SET app.current_user_id = {authenticated_user_id}. Test data isolation between users.","SAME FOR ALL TRAFFIC LEVELS: Database-level security (no infrastructure cost). Defense-in-depth security layer. Performance impact <5ms per query (negligible for <10 users).",$0/month (code only),"1. Providers cannot query other providers' data, 2. Delegates see only assigned providers' data, 3. Admins bypass RLS (via security_definer functions), 4. RLS enforced at database level, 5. Performance impact <5ms per query, 6. SQL injection cannot bypass RLS, 7. Penetration test verifies data isolation"
