License_Number,License_State,License_Type,License_Status,Issue_Date,Expiration_Date,Days_Until_Expiration,Renewal_Cycle_Months,Provider_ID,Provider_NPI,Provider_First_Name,Provider_Last_Name,Provider_Email,Provider_Specialty,Provider_Role,Total_CME_Hours_Required,CME_Renewal_Period_Months,Min_Category1_Hours,Max_Category2_Hours,Opioid_Hours_Required,Pain_Management_Hours_Required,Ethics_Hours_Required,Other_Special_Topics,Compliance_Status,Total_Hours_Required,Total_Hours_Completed,Completion_Percentage,State_Code,Board_Type,Rollover_Allowed,Max_Rollover_Hours
AK-DO-184047,AK,DO,expired,2021-11-23,2023-01-24,-1030,36,48812539-7cc4-4cb9-9ce1-5dce8657dc1a,,Dustin,Gibson,provider.do16@example.com,Emergency Medicine,provider,50,24,50,,0,2.0,0,,At Risk,50.0,17.0,34.0%,AK,COMBINED,Yes,25
AK-DO-314938,AK,DO,expired,2022-06-10,2023-09-10,-801,24,1cbaaba9-409f-4660-a290-953ad4c7d469,,Sandra,Hughes,provider.do18@example.com,Psychiatry,provider,50,24,50,,0,2.0,0,,Behind,50.0,32.0,64.0%,AK,COMBINED,Yes,25
AK-DO-467227,AK,DO,expired,2021-02-23,2022-08-20,-1187,24,c46e501c-c0b7-4484-a5ab-37cf8b84b276,,Denise,King,provider.do19@example.com,Orthopedics,provider,50,24,50,,0,2.0,0,,At Risk,50.0,11.0,22.0%,AK,COMBINED,Yes,25
AK-DO-631486,AK,DO,expired,2022-12-02,2024-07-10,-497,12,f47d66a6-7d64-4b23-b486-840b71343f6f,,Dustin,Gibson,provider.do1@example.com,Dermatology,provider,50,24,50,,0,2.0,0,,Behind,50.0,35.0,70.0%,AK,COMBINED,Yes,25
AK-DO-998187,AK,DO,expired,2023-05-22,2024-09-21,-424,36,c7308531-b071-4d41-85e5-a90c30dcbe3b,,Tara,Lloyd,provider.do3@example.com,Family Medicine,provider,50,24,50,,0,2.0,0,,Behind,50.0,36.0,72.0%,AK,COMBINED,Yes,25
AK-MD-322010,AK,MD,expired,2024-08-31,2025-11-10,-9,36,e22cbcb8-d582-43bf-8d70-61e9b3194c62,,Patricia,Wood,provider.md17@example.com,Emergency Medicine,provider,50,24,50,,0,2.0,0,,Behind,50.0,36.0,72.0%,AK,COMBINED,Yes,25
AK-MD-565913,AK,MD,expired,2023-01-24,2025-01-02,-321,12,9be46bc9-4c8b-4e03-af91-b6ac09115dc5,,Jacob,Reed,provider.md2@example.com,Orthopedics,provider,50,24,50,,0,2.0,0,,Behind,50.0,29.0,58.0%,AK,COMBINED,Yes,25
AK-MD-605373,AK,MD,expired,2021-09-27,2023-05-03,-931,24,d04de845-d7ce-426d-ac1a-08f995259610,,Jay,Brock,provider.md20@example.com,Dermatology,provider,50,24,50,,0,2.0,0,,On Track,50.0,41.0,82.0%,AK,COMBINED,Yes,25
AL-DO-355551,AL,DO,expired,2023-08-16,2025-01-24,-299,24,8550d76c-af71-4c96-b4ab-fcab0379cb33,,Dawn,Swanson,provider.do24@example.com,Internal Medicine,provider,25,12,25,,2.0,0,0,PROFESSIONAL_BOUNDARIES:1.0hrs,Compliant,25.0,27.0,108.0%,AL,MEDICAL,No,
AL-MD-120536,AL,MD,expired,2021-04-14,2022-08-19,-1188,24,c3812073-e1de-48dc-bc3e-1d6705fb573e,,Grace,Quinn,provider.md22@example.com,Radiology,provider,25,12,25,,2.0,0,0,PROFESSIONAL_BOUNDARIES:1.0hrs,At Risk,25.0,6.0,24.0%,AL,MEDICAL,No,
AL-MD-155370,AL,MD,expired,2021-02-11,2022-05-24,-1275,24,0339945f-94c6-4134-82a0-bd121818564c,,Melinda,Skinner,provider.md23@example.com,Surgery,provider,25,12,25,,2.0,0,0,PROFESSIONAL_BOUNDARIES:1.0hrs,On Track,25.0,19.0,76.0%,AL,MEDICAL,No,
AL-MD-337446,AL,MD,expired,2021-07-18,2022-09-10,-1166,12,b03174b8-8dab-41c2-853c-b95e60a05bd9,,Sarah,Williams,provider.md6@example.com,Psychiatry,provider,25,12,25,,2.0,0,0,PROFESSIONAL_BOUNDARIES:1.0hrs,On Track,25.0,24.0,96.0%,AL,MEDICAL,No,
AL-MD-391633,AL,MD,expired,2021-09-08,2023-05-15,-919,12,97709ada-2692-49a4-9857-d979d523d9d9,,Linda,Acosta,provider.md5@example.com,Family Medicine,provider,25,12,25,,2.0,0,0,PROFESSIONAL_BOUNDARIES:1.0hrs,Compliant,25.0,35.0,140.0%,AL,MEDICAL,No,
AL-MD-430211,AL,MD,expired,2023-05-19,2024-12-03,-351,12,794d3945-fca1-4b00-8f7d-f2e740dfb469,,Dawn,Donovan,provider.md21@example.com,Internal Medicine,provider,25,12,25,,2.0,0,0,PROFESSIONAL_BOUNDARIES:1.0hrs,On Track,25.0,23.0,92.0%,AL,MEDICAL,No,
AL-MD-850274,AL,MD,expired,2021-05-27,2022-09-21,-1155,24,67a8cd93-340d-4e09-9f8f-066268642a5a,,Ryan,Allen,provider.md4@example.com,Radiology,provider,25,12,25,,2.0,0,0,PROFESSIONAL_BOUNDARIES:1.0hrs,Compliant,25.0,36.0,144.0%,AL,MEDICAL,No,
AL-MD-869869,AL,MD,expired,2023-03-28,2025-01-09,-314,36,2fea4733-2514-4832-8be1-787eb2e8a740,,Jade,Romero,provider.md25@example.com,Pediatrics,provider,25,12,25,,2.0,0,0,PROFESSIONAL_BOUNDARIES:1.0hrs,Compliant,25.0,34.0,136.0%,AL,MEDICAL,No,
AR-DO-893905,AR,DO,expired,2021-02-25,2022-03-31,-1329,24,1a386033-07cb-435d-b31f-342f0bb57ab2,,Brendan,Hodges,provider.do48@example.com,Surgery,provider,,,,,0,0,0,,No Requirements,0,41.0,100.0%,,,No,
AR-MD-189505,AR,MD,expired,2023-01-11,2024-08-08,-468,24,462444da-2215-417c-afa1-bdaf116ca171,,Brandy,Montgomery,provider.md50@example.com,Obstetrics and Gynecology,provider,,,,,0,0,0,,No Requirements,0,14.0,100.0%,,,No,
AR-MD-474244,AR,MD,expired,2022-08-29,2023-11-07,-743,36,c06d727a-3428-4007-b8ed-2fec8841d7ef,,Timothy,Erickson,provider.md46@example.com,Obstetrics and Gynecology,provider,,,,,0,0,0,,No Requirements,0,34.0,100.0%,,,No,
AR-MD-757680,AR,MD,expired,2023-02-21,2024-12-07,-347,36,f12566c9-95e2-4c1e-b419-958a734688a2,,Joyce,Smith,provider.md47@example.com,Pediatrics,provider,,,,,0,0,0,,No Requirements,0,27.0,100.0%,,,No,
AR-MD-962152,AR,MD,expired,2023-12-15,2025-01-26,-297,12,48fdafa6-248e-46eb-8755-44e607f4e5ad,,Jacob,Price,provider.md49@example.com,Ophthalmology,provider,,,,,0,0,0,,No Requirements,0,19.0,100.0%,,,No,
AZ-DO-508146,AZ,DO,expired,2023-04-26,2024-04-26,-572,12,3d43ebb2-8e33-463d-bd31-abafd7b9eb1d,,Kayla,Mcfarland,provider.do28@example.com,Obstetrics and Gynecology,provider,40,24,40,,6.0,0,0,,On Track,40.0,37.0,92.5%,AZ-M,MEDICAL,No,
AZ-DO-555013,AZ,DO,expired,2020-12-08,2022-09-10,-1166,24,d3b08bd8-ec8e-4daa-965e-dca3dfc7ba53,,Pamela,Garcia,provider.do12@example.com,Neurology,provider,40,24,40,,6.0,0,0,,On Track,40.0,32.0,80.0%,AZ-M,MEDICAL,No,
AZ-DO-562029,AZ,DO,expired,2023-03-22,2024-07-01,-506,36,016be12d-bcac-42db-81b1-fe55e64f7658,,Mary,Williams,provider.do33@example.com,Cardiology,provider,40,24,40,,6.0,0,0,,Compliant,40.0,40.0,100.0%,AZ-M,MEDICAL,No,
AZ-DO-591696,AZ,DO,expired,2022-02-21,2023-12-14,-706,24,cb6c86f6-89d4-4ea1-adc4-f98858221bab,,Megan,Dunn,provider.do10@example.com,Ophthalmology,provider,40,24,40,,6.0,0,0,,Behind,40.0,28.0,70.0%,AZ-M,MEDICAL,No,
AZ-DO-679692,AZ,DO,expired,2024-08-05,2025-09-22,-58,12,b7351071-c649-4c6c-8869-4b18e7945ec8,,Denise,Martinez,provider.do26@example.com,Anesthesiology,provider,40,24,40,,6.0,0,0,,At Risk,40.0,6.0,15.0%,AZ-M,MEDICAL,No,
AZ-DO-712288,AZ,DO,expired,2022-08-08,2023-10-18,-763,24,f0dd9831-8c8e-433b-bbe2-fd812de10ee4,,Steven,Phelps,provider.do51@example.com,Urology,provider,40,24,40,,6.0,0,0,,At Risk,40.0,15.0,37.5%,AZ-M,MEDICAL,No,
AZ-DO-730743,AZ,DO,expired,2023-11-25,2025-04-13,-220,36,37b19285-3d5f-4969-890b-6cc2444ace8b,,Patricia,Johnson,provider.do9@example.com,Anesthesiology,provider,40,24,40,,6.0,0,0,,On Track,40.0,30.0,75.0%,AZ-M,MEDICAL,No,
AZ-DO-756740,AZ,DO,expired,2023-10-09,2025-06-17,-155,24,05873455-c959-449e-8cb0-aa2f1219a4a7,,Trevor,Ross,provider.do34@example.com,Orthopedics,provider,40,24,40,,6.0,0,0,,On Track,40.0,34.0,85.0%,AZ-M,MEDICAL,No,
AZ-DO-952716,AZ,DO,expired,2022-12-03,2024-05-02,-566,12,9793273e-dc91-450b-9c19-498e35d88ce0,,Rebecca,Harris,provider.do31@example.com,Gastroenterology,provider,40,24,40,,6.0,0,0,,Behind,40.0,24.0,60.0%,AZ-M,MEDICAL,No,
AZ-DO-993099,AZ,DO,expired,2021-01-02,2022-07-03,-1235,24,fb4c4638-1b32-471b-a35d-49f535c0185e,,Michael,Khan,provider.do54@example.com,Cardiology,provider,40,24,40,,6.0,0,0,,Behind,40.0,23.0,57.5%,AZ-M,MEDICAL,No,
AZ-MD-159893,AZ,MD,expired,2021-01-08,2022-01-18,-1401,12,9be641ca-b830-458f-8ea5-4a107ae761f3,,Thomas,Cooper,provider.md7@example.com,Ophthalmology,provider,40,24,40,,6.0,0,0,,On Track,40.0,32.0,80.0%,AZ-M,MEDICAL,No,
AZ-MD-266719,AZ,MD,expired,2024-01-16,2025-03-29,-235,36,421477f2-b7f4-4831-bee2-8f5cba0a3a1b,,Richard,Browning,provider.md32@example.com,Radiology,provider,40,24,40,,6.0,0,0,,At Risk,40.0,12.0,30.0%,AZ-M,MEDICAL,No,
AZ-MD-314828,AZ,MD,expired,2022-06-09,2024-04-03,-595,12,3921ba50-8c82-4248-b4bc-4d72b33d9c02,,William,Scott,provider.md29@example.com,Urology,provider,40,24,40,,6.0,0,0,,Behind,40.0,23.0,57.5%,AZ-M,MEDICAL,No,
AZ-MD-381357,AZ,MD,expired,2022-06-07,2024-03-29,-600,24,3b602b59-34e9-4d9b-9c16-b0dac48c4e6e,,Pamela,Evans,provider.md52@example.com,Surgery,provider,40,24,40,,6.0,0,0,,Behind,40.0,22.0,55.0%,AZ-M,MEDICAL,No,
AZ-MD-388210,AZ,MD,expired,2021-02-03,2022-11-22,-1093,24,a4a924da-bfde-44f0-8076-3662a3792a32,,Jonathan,Simpson,provider.md53@example.com,Orthopedics,provider,40,24,40,,6.0,0,0,,On Track,40.0,32.0,80.0%,AZ-M,MEDICAL,No,
AZ-MD-770633,AZ,MD,expired,2023-02-15,2024-11-22,-362,36,1c604010-4f1e-4f91-a021-1a373500a241,,Patricia,Dominguez,provider.md35@example.com,Anesthesiology,provider,40,24,40,,6.0,0,0,,On Track,40.0,30.0,75.0%,AZ-M,MEDICAL,No,
AZ-MD-774809,AZ,MD,active,2024-09-22,2025-11-19,0,12,0c69b58a-30eb-4989-98b9-574dce26f6d4,,Hannah,Carter,provider.md27@example.com,Cardiology,provider,40,24,40,,6.0,0,0,,On Track,40.0,30.0,75.0%,AZ-M,MEDICAL,No,
AZ-MD-786153,AZ,MD,expired,2020-12-27,2022-04-02,-1327,36,c73b3fce-0a9c-425a-9347-328ee7ba516c,,Aaron,Hogan,provider.md8@example.com,Surgery,provider,40,24,40,,6.0,0,0,,Behind,40.0,22.0,55.0%,AZ-M,MEDICAL,No,
AZ-MD-831897,AZ,MD,expired,2024-04-29,2025-07-27,-115,36,0bdcae8f-075e-4f0f-a68d-f1be2a18dd40,,Megan,Hernandez,provider.md55@example.com,Obstetrics and Gynecology,provider,40,24,40,,6.0,0,0,,Behind,40.0,24.0,60.0%,AZ-M,MEDICAL,No,
AZ-MD-937862,AZ,MD,expired,2020-12-21,2022-09-18,-1158,12,181b839a-399b-461f-88d9-cf8af0afd29f,,Samuel,Oliver,provider.md30@example.com,Urology,provider,40,24,40,,6.0,0,0,,On Track,40.0,31.0,77.5%,AZ-M,MEDICAL,No,
AZ-MD-986123,AZ,MD,expired,2021-07-10,2022-09-17,-1159,12,ed410ca8-9080-4669-bb2e-2db9ccde6694,,Tammy,Jones,provider.md11@example.com,Psychiatry,provider,40,24,40,,6.0,0,0,,Compliant,40.0,43.0,107.5%,AZ-M,MEDICAL,No,
CA-DO-771264,CA,DO,expired,2022-07-17,2023-11-17,-733,12,e1013f46-b7b3-4b86-8658-444699b06766,,Joyce,Kline,provider.do40@example.com,Urology,provider,50,24,50,,0,12.0,0,,Behind,50.0,30.0,60.0%,CA-M,MEDICAL,No,
CA-DO-905140,CA,DO,expired,2022-07-24,2023-09-03,-808,36,e12c55c0-71f8-4678-964c-7ef930c6bb1c,,Richard,Perry,provider.do59@example.com,Gastroenterology,provider,50,24,50,,0,12.0,0,,Behind,50.0,29.0,58.0%,CA-M,MEDICAL,No,
CA-MD-122677,CA,MD,expired,2022-05-23,2023-06-09,-894,36,599d451b-76e8-4ed3-87d3-8022401c259d,,Dale,Torres,provider.md14@example.com,Emergency Medicine,provider,50,24,50,,0,12.0,0,,Behind,50.0,32.0,64.0%,CA-M,MEDICAL,No,
CA-MD-377453,CA,MD,expired,2022-04-29,2023-07-19,-854,36,a7a20762-a155-488d-b355-3f4d8ab1273c,,Lynn,Mitchell,provider.md38@example.com,Orthopedics,provider,50,24,50,,0,12.0,0,,At Risk,50.0,15.0,30.0%,CA-M,MEDICAL,No,
CA-MD-379901,CA,MD,expired,2022-12-14,2024-11-03,-381,36,07eb2b88-7834-4ad1-9dc4-a71b020e47c4,,Michelle,Goodwin,provider.md42@example.com,Obstetrics and Gynecology,provider,50,24,50,,0,12.0,0,,At Risk,50.0,18.0,36.0%,CA-M,MEDICAL,No,
CA-MD-410422,CA,MD,expired,2021-01-22,2022-10-17,-1129,36,8ad6ab8c-e769-4764-936b-53652e135f2d,,James,Williams,provider.md13@example.com,Cardiology,provider,50,24,50,,0,12.0,0,,Behind,50.0,37.0,74.0%,CA-M,MEDICAL,No,
CA-MD-474952,CA,MD,expired,2021-03-05,2022-05-28,-1271,36,c66ca71c-d3d8-4d14-9562-369dce9dda68,,Erica,Wilson,provider.md39@example.com,Psychiatry,provider,50,24,50,,0,12.0,0,,At Risk,50.0,9.0,18.0%,CA-M,MEDICAL,No,
CA-MD-502105,CA,MD,expired,2024-10-19,2025-11-03,-16,12,677628d7-ecc7-4884-985e-885539f4839b,,Donald,Mcneil,provider.md45@example.com,Pediatrics,provider,50,24,50,,0,12.0,0,,At Risk,50.0,10.0,20.0%,CA-M,MEDICAL,No,
CA-MD-626171,CA,MD,expired,2023-03-21,2024-08-15,-461,12,7556f2a2-022b-461d-b0e7-c2c204ab2226,,Jonathan,Taylor,provider.md41@example.com,Anesthesiology,provider,50,24,50,,0,12.0,0,,Behind,50.0,36.0,72.0%,CA-M,MEDICAL,No,
CA-MD-644272,CA,MD,expired,2022-10-11,2023-11-26,-724,36,c6bc2a70-0c6d-4679-930c-7bb0d54a39af,,Patrick,Fox,provider.md58@example.com,Surgery,provider,50,24,50,,0,12.0,0,,At Risk,50.0,24.0,48.0%,CA-M,MEDICAL,No,
CA-MD-652335,CA,MD,expired,2020-12-28,2022-06-19,-1249,36,2401b2c7-92c2-4238-824f-bf0810880f28,,Elijah,Rodriguez,provider.md15@example.com,Psychiatry,provider,50,24,50,,0,12.0,0,,At Risk,50.0,21.0,42.0%,CA-M,MEDICAL,No,
CA-MD-686820,CA,MD,active,2024-06-15,2026-02-25,98,36,7649a46f-c884-46eb-881c-dcea4ed0f7de,,Benjamin,Myers,provider.md56@example.com,Neurology,provider,50,24,50,,0,12.0,0,,Behind,50.0,25.0,50.0%,CA-M,MEDICAL,No,
CA-MD-791816,CA,MD,active,2024-09-29,2026-03-10,111,24,4d8d2355-229b-4027-a5ba-8f24077f647f,,Monique,Williams,provider.md36@example.com,Cardiology,provider,50,24,50,,0,12.0,0,,Behind,50.0,33.0,66.0%,CA-M,MEDICAL,No,
CA-MD-801436,CA,MD,expired,2023-09-20,2025-08-19,-92,36,f2a59d49-fdad-4df1-8368-74b609973b5f,,Elizabeth,Collier,provider.md60@example.com,Ophthalmology,provider,50,24,50,,0,12.0,0,,At Risk,50.0,12.0,24.0%,CA-M,MEDICAL,No,
CA-MD-820286,CA,MD,expired,2022-12-30,2024-12-29,-325,24,c3fb642a-421c-46a4-a90c-f3c19fbe67f9,,Rebecca,Evans,provider.md44@example.com,Family Medicine,provider,50,24,50,,0,12.0,0,,Behind,50.0,34.0,68.0%,CA-M,MEDICAL,No,
CA-MD-861145,CA,MD,expired,2022-10-26,2024-03-31,-598,24,d4b6eaed-d06d-431b-8d9e-07b8b9000310,,Shari,Lowery,provider.md57@example.com,Internal Medicine,provider,50,24,50,,0,12.0,0,,On Track,50.0,46.0,92.0%,CA-M,MEDICAL,No,
CA-MD-879605,CA,MD,active,2024-10-06,2026-02-10,83,12,207dc7da-4675-4518-9440-75866fb5cf9b,,Tiffany,Walters,provider.md43@example.com,Ophthalmology,provider,50,24,50,,0,12.0,0,,On Track,50.0,42.0,84.0%,CA-M,MEDICAL,No,
CA-MD-992190,CA,MD,expired,2023-11-09,2025-03-29,-235,24,7915d2bf-201e-4073-9560-dd44f9487e0d,,John,Parks,provider.md37@example.com,Orthopedics,provider,50,24,50,,0,12.0,0,,At Risk,50.0,23.0,46.0%,CA-M,MEDICAL,No,
CO-DO-852463,CO,DO,expired,2023-02-04,2025-01-25,-298,24,6652b0a4-d8d3-4fcf-b2cf-56ff36d8d99d,,Taylor,Allen,provider.do63@example.com,Family Medicine,provider,,,,,0,0,0,,No Requirements,0,14.0,100.0%,,,No,
CO-MD-173343,CO,MD,expired,2023-04-14,2024-06-29,-508,24,f6ae0f6c-a7ca-404f-95c2-6b34f512e337,,Phillip,Blackburn,provider.md62@example.com,Dermatology,provider,,,,,0,0,0,,No Requirements,0,28.0,100.0%,,,No,
CO-MD-495165,CO,MD,expired,2021-09-12,2023-05-12,-922,12,b56da755-f114-4735-85c6-c1c6376bb655,,Kurt,Miller,provider.md65@example.com,Urology,provider,,,,,0,0,0,,No Requirements,0,24.0,100.0%,,,No,
CO-MD-507197,CO,MD,expired,2021-12-29,2023-02-01,-1022,36,64d6e682-076b-43c6-9015-dd8d0e6fb00b,,Jean,Bennett,provider.md61@example.com,Neurology,provider,,,,,0,0,0,,No Requirements,0,39.0,100.0%,,,No,
CO-MD-731957,CO,MD,expired,2023-03-17,2024-09-13,-432,36,5dd1327e-f045-48e2-b838-9c46eeebb141,,Angela,Lopez,provider.md64@example.com,Orthopedics,provider,,,,,0,0,0,,No Requirements,0,19.0,100.0%,,,No,
CT-MD-155955,CT,MD,expired,2021-09-20,2022-09-26,-1150,12,8fd21133-43d9-40f3-809f-9bbf492c3ef4,,Xavier,Barrera,provider.md66@example.com,Urology,provider,,,,,0,0,0,,No Requirements,0,19.0,100.0%,,,No,
CT-MD-419501,CT,MD,expired,2022-11-19,2024-06-15,-522,24,7e140187-d08d-45ed-b155-76119bb2cec0,,William,Bryant,provider.md68@example.com,Psychiatry,provider,,,,,0,0,0,,No Requirements,0,35.0,100.0%,,,No,
CT-MD-572234,CT,MD,expired,2023-11-30,2025-10-08,-42,36,89b40c45-d3e9-4dce-becb-29ec211fa68d,,Carol,David,provider.md69@example.com,Cardiology,provider,,,,,0,0,0,,No Requirements,0,31.0,100.0%,,,No,
CT-MD-645405,CT,MD,expired,2022-03-23,2023-07-24,-849,36,c036391a-db05-4119-8b96-63c98473bbb4,,Kenneth,Davis,provider.md70@example.com,Anesthesiology,provider,,,,,0,0,0,,No Requirements,0,34.0,100.0%,,,No,
CT-MD-954827,CT,MD,expired,2022-06-02,2023-07-29,-844,36,e1263893-b174-4fd4-bab7-9b5d17d260f8,,Stephen,Keller,provider.md67@example.com,Psychiatry,provider,,,,,0,0,0,,No Requirements,0,8.0,100.0%,,,No,
DE-MD-275489,DE,MD,expired,2021-11-11,2022-11-15,-1100,12,79158283-f50f-4d56-8a5e-4773d91116e4,,John,Chambers,provider.md74@example.com,Anesthesiology,provider,,,,,0,0,0,,No Requirements,0,27.0,100.0%,,,No,
DE-MD-553271,DE,MD,expired,2021-12-15,2023-12-10,-710,36,07b2cc72-ba22-4f20-b54d-94177212dd89,,Jacob,Holland,provider.md75@example.com,Internal Medicine,provider,,,,,0,0,0,,No Requirements,0,27.0,100.0%,,,No,
DE-MD-721164,DE,MD,expired,2022-12-26,2024-10-16,-399,24,1eaf3b8f-a420-48b0-b851-b9de5401daee,,Anna,Castillo,provider.md71@example.com,Internal Medicine,provider,,,,,0,0,0,,No Requirements,0,34.0,100.0%,,,No,
DE-MD-943211,DE,MD,expired,2021-05-06,2022-10-06,-1140,24,2d077673-7f24-44fb-a1f3-dd1d56337a53,,Jeffrey,Calderon,provider.md72@example.com,Neurology,provider,,,,,0,0,0,,No Requirements,0,27.0,100.0%,,,No,
DE-MD-947628,DE,MD,expired,2022-04-20,2023-10-09,-772,12,c51b602a-659d-4e48-8398-399d0934624c,,Terri,Juarez,provider.md73@example.com,Internal Medicine,provider,,,,,0,0,0,,No Requirements,0,10.0,100.0%,,,No,
FL-DO-297794,FL,DO,expired,2023-03-14,2024-07-10,-497,36,00301e27-178f-408b-a51b-3dc8f38d09c8,,Bradley,Weaver,provider.do76@example.com,Orthopedics,provider,,,,,0,0,0,,No Requirements,0,27.0,100.0%,,,No,
FL-DO-656250,FL,DO,expired,2022-09-14,2024-09-11,-434,36,a328352b-f9f1-4592-9880-5d42c487ab77,,Angela,Fernandez,provider.do80@example.com,Dermatology,provider,,,,,0,0,0,,No Requirements,0,45.0,100.0%,,,No,
FL-MD-150447,FL,MD,expired,2023-01-06,2024-04-26,-572,24,c9e9f1af-8f1b-465b-b105-dee29be141f9,,James,Richardson,provider.md79@example.com,Ophthalmology,provider,,,,,0,0,0,,No Requirements,0,31.0,100.0%,,,No,
FL-MD-661382,FL,MD,active,2024-03-29,2025-11-21,2,12,0083d940-9e5f-4e20-855e-854bfd399f4a,,Melissa,Zimmerman,provider.md78@example.com,Ophthalmology,provider,,,,,0,0,0,,No Requirements,0,11.0,100.0%,,,No,
FL-MD-967604,FL,MD,active,2024-06-02,2026-03-07,108,24,fa3fbaba-814d-47eb-ad36-9d93dd01a6e5,,Alec,Williamson,provider.md77@example.com,Internal Medicine,provider,,,,,0,0,0,,No Requirements,0,14.0,100.0%,,,No,
GA-DO-247028,GA,DO,expired,2023-06-23,2025-02-27,-265,24,e46c7aa2-89f2-440a-ac7a-4e7a8970f839,,Bryan,Stuart,provider.do82@example.com,Cardiology,provider,,,,,0,0,0,,No Requirements,0,18.0,100.0%,,,No,
GA-DO-722358,GA,DO,expired,2021-12-29,2023-08-02,-840,12,4100e1c4-c867-46a5-9646-78298d7ea9f2,,Kristin,Chavez,provider.do81@example.com,Orthopedics,provider,,,,,0,0,0,,No Requirements,0,32.0,100.0%,,,No,
GA-MD-269573,GA,MD,expired,2023-04-27,2024-06-23,-514,36,baf887d6-bd48-494c-a2f3-ea8e9256d1a7,,Sheila,Kramer,provider.md84@example.com,Gastroenterology,provider,,,,,0,0,0,,No Requirements,0,30.0,100.0%,,,No,
GA-MD-274928,GA,MD,active,2024-06-15,2025-11-24,5,24,fe7caac1-9652-4734-b2f0-f8098460ce1c,,Michelle,Gonzalez,provider.md85@example.com,Radiology,provider,,,,,0,0,0,,No Requirements,0,16.0,100.0%,,,No,
GA-MD-308583,GA,MD,expired,2024-03-29,2025-04-16,-217,24,e439a211-1391-4036-8863-3610fcf58479,,Mikayla,Wu,provider.md83@example.com,Psychiatry,provider,,,,,0,0,0,,No Requirements,0,27.0,100.0%,,,No,
HI-DO-954043,HI,DO,expired,2023-10-31,2025-04-15,-218,36,f0b2af38-da71-420d-9651-d2b714efa58a,,Steven,Salazar,provider.do86@example.com,Obstetrics and Gynecology,provider,,,,,0,0,0,,No Requirements,0,29.0,100.0%,,,No,
HI-MD-436124,HI,MD,expired,2021-09-10,2022-12-03,-1082,12,7ac24b58-ee14-415a-b82b-626e7d501d06,,Deborah,Thomas,provider.md88@example.com,Family Medicine,provider,,,,,0,0,0,,No Requirements,0,43.0,100.0%,,,No,
HI-MD-477266,HI,MD,active,2024-10-17,2025-12-07,18,24,70ddfec4-ea8f-4a1d-bf1d-28d2beaebc7b,,Gina,Lloyd,provider.md89@example.com,Cardiology,provider,,,,,0,0,0,,No Requirements,0,25.0,100.0%,,,No,
HI-MD-517296,HI,MD,expired,2023-03-13,2024-07-01,-506,12,502e0118-1956-45f7-b498-0ee9b226f937,,Emily,Delacruz,provider.md90@example.com,Orthopedics,provider,,,,,0,0,0,,No Requirements,0,6.0,100.0%,,,No,
HI-MD-899168,HI,MD,expired,2023-08-09,2025-01-20,-303,12,d178dfaa-299e-4f04-b0d2-5447a7d8394a,,Michael,Trevino,provider.md87@example.com,Psychiatry,provider,,,,,0,0,0,,No Requirements,0,43.0,100.0%,,,No,
IA-DO-649869,IA,DO,expired,2023-08-04,2025-01-28,-295,24,736555a0-7f0b-4688-bae2-77b796a8f678,,Christina,Russell,provider.do92@example.com,Gastroenterology,provider,,,,,0,0,0,,No Requirements,0,31.0,100.0%,,,No,
IA-DO-938229,IA,DO,expired,2021-05-08,2023-01-31,-1023,24,aa6e663d-c144-45a4-b908-688f61122539,,Mark,Barrera,provider.do91@example.com,Orthopedics,provider,,,,,0,0,0,,No Requirements,0,37.0,100.0%,,,No,
IA-MD-247601,IA,MD,expired,2022-09-14,2024-05-02,-566,12,f580c0aa-43bb-4b2a-985e-aa16c8bdb257,,Gina,Moore,provider.md93@example.com,Gastroenterology,provider,,,,,0,0,0,,No Requirements,0,19.0,100.0%,,,No,
IA-MD-655431,IA,MD,expired,2023-08-18,2025-03-30,-234,36,3fd8c56e-1c59-4c50-a297-96cba384d248,,Isaiah,Lucas,provider.md95@example.com,Emergency Medicine,provider,,,,,0,0,0,,No Requirements,0,8.0,100.0%,,,No,
IA-MD-656220,IA,MD,active,2024-08-02,2026-06-28,221,12,ea6da09a-163b-4637-86b2-910a9d725473,,Francisco,Gonzalez,provider.md94@example.com,Gastroenterology,provider,,,,,0,0,0,,No Requirements,0,22.0,100.0%,,,No,
ID-DO-578893,ID,DO,expired,2023-10-31,2025-03-22,-242,12,50984414-05ce-4b88-9b4d-c9ff5dca3ce9,,Kenneth,Heath,provider.do99@example.com,Neurology,provider,,,,,0,0,0,,No Requirements,0,28.0,100.0%,,,No,
ID-MD-394166,ID,MD,expired,2024-03-10,2025-04-14,-219,24,1513bf19-d1ea-4e01-9ae9-5e2358bf55a2,,Amanda,Rhodes,provider.md98@example.com,Obstetrics and Gynecology,provider,,,,,0,0,0,,No Requirements,0,45.0,100.0%,,,No,
ID-MD-701830,ID,MD,expired,2023-08-14,2024-11-24,-360,12,ad234c96-89e7-40ff-937a-159d0b76bb84,,Olivia,Berry,provider.md96@example.com,Ophthalmology,provider,,,,,0,0,0,,No Requirements,0,10.0,100.0%,,,No,
ID-MD-879959,ID,MD,expired,2023-11-06,2025-10-01,-49,36,7e4854b7-725d-4bb4-8547-36e6d934554b,,Margaret,Bauer,provider.md97@example.com,Surgery,provider,,,,,0,0,0,,No Requirements,0,27.0,100.0%,,,No,
ID-MD-942272,ID,MD,expired,2024-05-07,2025-10-26,-24,24,fe098839-dbe2-491a-838e-d6609f634792,,Antonio,Roach,provider.md100@example.com,Dermatology,provider,,,,,0,0,0,,No Requirements,0,39.0,100.0%,,,No,
IL-MD-132608,IL,MD,expired,2022-11-27,2024-11-22,-362,12,bcb4e45a-16de-4d92-ac61-e7f8b6c1b106,,Tina,Sawyer,provider.md105@example.com,Psychiatry,provider,,,,,0,0,0,,No Requirements,0,11.0,100.0%,,,No,
IL-MD-220230,IL,MD,expired,2023-11-06,2025-08-04,-107,36,a5a0df92-67b3-4122-8b35-33c383c02004,,Tyler,Santos,provider.md104@example.com,Surgery,provider,,,,,0,0,0,,No Requirements,0,25.0,100.0%,,,No,
IL-MD-676482,IL,MD,expired,2022-08-05,2023-10-24,-757,36,3a3f1e9a-d37a-49cf-bce6-c284cabd74bf,,Denise,Stone,provider.md101@example.com,Cardiology,provider,,,,,0,0,0,,No Requirements,0,33.0,100.0%,,,No,
IL-MD-787694,IL,MD,expired,2023-01-20,2024-03-27,-602,24,1acbc984-7ae0-4f7f-bdd0-6ba4049706fc,,Amy,Fernandez,provider.md102@example.com,Cardiology,provider,,,,,0,0,0,,No Requirements,0,30.0,100.0%,,,No,
IL-MD-858048,IL,MD,expired,2021-06-28,2023-02-20,-1003,12,14b2a0b9-c14b-47f0-82a6-120e592f7c7b,,Michael,Haney,provider.md103@example.com,Radiology,provider,,,,,0,0,0,,No Requirements,0,22.0,100.0%,,,No,
IN-DO-113207,IN,DO,expired,2021-12-23,2023-09-10,-801,12,6c9e60da-4f6e-4c65-9ea9-b82d2bb68ad8,,Samantha,Henderson,provider.do109@example.com,Pediatrics,provider,,,,,0,0,0,,No Requirements,0,20.0,100.0%,,,No,
IN-MD-331455,IN,MD,expired,2022-05-13,2024-01-12,-677,36,cce1f40d-1b91-49c4-bc76-7003fce4ee86,,Susan,Harris,provider.md107@example.com,Family Medicine,provider,,,,,0,0,0,,No Requirements,0,24.0,100.0%,,,No,
IN-MD-592443,IN,MD,expired,2023-09-06,2024-11-17,-367,36,65f34bff-a2ab-4a19-b417-59abc6de7d11,,Robert,Berry,provider.md106@example.com,Obstetrics and Gynecology,provider,,,,,0,0,0,,No Requirements,0,19.0,100.0%,,,No,
IN-MD-654626,IN,MD,expired,2022-09-14,2024-09-09,-436,36,3c0327b9-5752-4621-a1f9-1f1b622aa019,,Dale,Curtis,provider.md108@example.com,Obstetrics and Gynecology,provider,,,,,0,0,0,,No Requirements,0,13.0,100.0%,,,No,
IN-MD-868996,IN,MD,expired,2024-06-13,2025-10-23,-27,12,e4eaeda5-4b60-46f0-a1ee-5eeb0686e8d1,,Nicholas,Daniels,provider.md110@example.com,Neurology,provider,,,,,0,0,0,,No Requirements,0,21.0,100.0%,,,No,
KS-MD-150731,KS,MD,expired,2023-09-26,2025-05-04,-199,36,1f936d54-4a4d-46d6-98f5-979fe4c5708f,,Zachary,Williams,provider.md111@example.com,Gastroenterology,provider,,,,,0,0,0,,No Requirements,0,36.0,100.0%,,,No,
KS-MD-176130,KS,MD,active,2024-05-03,2026-02-11,84,12,6be3d1b3-9f7b-411f-83a9-3ffd86c4507c,,Greg,Taylor,provider.md113@example.com,Pediatrics,provider,,,,,0,0,0,,No Requirements,0,29.0,100.0%,,,No,
KS-MD-303912,KS,MD,expired,2024-01-26,2025-04-01,-232,12,7e19337a-e734-4585-a875-6d2d9f70a697,,Vanessa,Medina,provider.md112@example.com,Orthopedics,provider,,,,,0,0,0,,No Requirements,0,27.0,100.0%,,,No,
KS-MD-463020,KS,MD,expired,2023-10-17,2025-02-11,-281,36,f8a9299b-cd45-4abf-ae8f-bc98fe8e4097,,Patricia,Nelson,provider.md114@example.com,Surgery,provider,,,,,0,0,0,,No Requirements,0,17.0,100.0%,,,No,
KS-MD-500256,KS,MD,expired,2021-10-18,2023-03-26,-969,24,c530b297-e70c-403d-abbe-50fd7da111c1,,Benjamin,Waters,provider.md115@example.com,Cardiology,provider,,,,,0,0,0,,No Requirements,0,26.0,100.0%,,,No,
KY-DO-110934,KY,DO,expired,2024-04-25,2025-08-21,-90,36,421746ec-affe-4bc7-b03b-b0366f87c8cb,,Shannon,Barnett,provider.do118@example.com,Neurology,provider,,,,,0,0,0,,No Requirements,0,36.0,100.0%,,,No,
KY-DO-823863,KY,DO,expired,2021-03-06,2022-06-18,-1250,36,bc8eddcf-ca48-4e1c-8cf8-0e9f5bd13b24,,Kelly,Marshall,provider.do116@example.com,Psychiatry,provider,,,,,0,0,0,,No Requirements,0,38.0,100.0%,,,No,
KY-MD-180344,KY,MD,expired,2022-09-03,2024-04-08,-590,36,d1264b79-479b-44aa-ac8c-9f0ac95262bc,,Benjamin,Sanders,provider.md117@example.com,Ophthalmology,provider,,,,,0,0,0,,No Requirements,0,9.0,100.0%,,,No,
KY-MD-447232,KY,MD,expired,2023-02-02,2024-03-08,-621,36,217caf53-6d99-456b-84f6-06b3cfe40f25,,Raven,Singh,provider.md120@example.com,Urology,provider,,,,,0,0,0,,No Requirements,0,39.0,100.0%,,,No,
KY-MD-915213,KY,MD,active,2024-06-10,2025-12-19,30,12,19194943-880e-4c7d-9014-8b63a5587e2b,,Jeffrey,Davis,provider.md119@example.com,Psychiatry,provider,,,,,0,0,0,,No Requirements,0,22.0,100.0%,,,No,
LA-DO-207411,LA,DO,expired,2024-04-03,2025-07-02,-140,12,868fcada-cdc2-4cf2-9519-0d69eadc245d,,Cathy,Stevenson,provider.do125@example.com,Anesthesiology,provider,,,,,0,0,0,,No Requirements,0,33.0,100.0%,,,No,
LA-MD-139878,LA,MD,expired,2023-09-28,2025-05-02,-201,12,ac8c6b00-71a9-44e9-84e2-60b5c92e0e61,,Matthew,Bell,provider.md123@example.com,Neurology,provider,,,,,0,0,0,,No Requirements,0,40.0,100.0%,,,No,
LA-MD-406005,LA,MD,expired,2024-02-07,2025-09-23,-57,36,998cd1f1-2ec8-4ba7-adae-7b1b2d4d0698,,Stephen,Williams,provider.md122@example.com,Neurology,provider,,,,,0,0,0,,No Requirements,0,18.0,100.0%,,,No,
LA-MD-515137,LA,MD,expired,2022-12-14,2024-07-04,-503,24,0817866c-762f-4120-8656-80c507b030c9,,Thomas,Davis,provider.md121@example.com,Neurology,provider,,,,,0,0,0,,No Requirements,0,31.0,100.0%,,,No,
LA-MD-678459,LA,MD,expired,2021-12-25,2023-03-09,-986,12,97687e3d-8c41-4a2f-b1ca-5fb70180e49f,,Jessica,Avery,provider.md124@example.com,Surgery,provider,,,,,0,0,0,,No Requirements,0,15.0,100.0%,,,No,
MA-DO-859007,MA,DO,expired,2021-06-18,2023-03-28,-967,12,aa4fb77b-49a0-47e2-87ca-645d057fac02,,Howard,Rice,provider.do127@example.com,Emergency Medicine,provider,,,,,0,0,0,,No Requirements,0,40.0,100.0%,,,No,
MA-DO-887445,MA,DO,expired,2022-11-10,2024-09-22,-423,12,a28f70ba-c8c2-4d44-a909-95d5f8fa08cb,,Lance,Rose,provider.do129@example.com,Internal Medicine,provider,,,,,0,0,0,,No Requirements,0,11.0,100.0%,,,No,
MA-MD-274086,MA,MD,active,2024-04-27,2026-03-25,126,24,23736053-a4bd-4c82-8565-7f461f79e2d1,,Erin,Green,provider.md130@example.com,Ophthalmology,provider,,,,,0,0,0,,No Requirements,0,36.0,100.0%,,,No,
MA-MD-321077,MA,MD,active,2024-02-18,2026-01-20,62,24,3df0101e-ab2b-4e41-837e-9a9926d38fc2,,Maria,Sampson,provider.md128@example.com,Ophthalmology,provider,,,,,0,0,0,,No Requirements,0,31.0,100.0%,,,No,
MA-MD-575890,MA,MD,expired,2024-04-27,2025-09-13,-67,36,6cc14230-f657-4142-b146-e0441465adcb,,Stephen,Ryan,provider.md126@example.com,Urology,provider,,,,,0,0,0,,No Requirements,0,17.0,100.0%,,,No,
MD-DO-137163,MD,DO,expired,2023-01-11,2024-06-17,-520,36,a09e87c6-78cf-4d6b-8261-fa868b904556,,Mary,Washington,provider.do132@example.com,Neurology,provider,,,,,0,0,0,,No Requirements,0,16.0,100.0%,,,No,
MD-DO-686309,MD,DO,expired,2022-02-19,2023-09-22,-789,24,2a5031a0-6946-4186-91ca-d16a3664312e,,Daniel,Ryan,provider.do133@example.com,Gastroenterology,provider,,,,,0,0,0,,No Requirements,0,9.0,100.0%,,,No,
MD-MD-473316,MD,MD,expired,2022-05-22,2023-07-01,-872,12,81510988-1a1f-49b9-92c7-f207c147ab14,,Shawn,Yoder,provider.md131@example.com,Pediatrics,provider,,,,,0,0,0,,No Requirements,0,36.0,100.0%,,,No,
MD-MD-600655,MD,MD,expired,2021-02-15,2022-10-23,-1123,12,53c6d7b2-8d9a-4370-b9b7-a407df760e4b,,Dennis,Campbell,provider.md135@example.com,Gastroenterology,provider,,,,,0,0,0,,No Requirements,0,29.0,100.0%,,,No,
MD-MD-782241,MD,MD,expired,2021-11-17,2023-04-08,-956,12,c4ff5787-b817-4be0-8717-7965b03c326f,,Deborah,Smith,provider.md134@example.com,Surgery,provider,,,,,0,0,0,,No Requirements,0,32.0,100.0%,,,No,
ME-DO-738541,ME,DO,expired,2021-08-20,2023-07-14,-859,24,da7b28a1-d3ef-40f7-8def-ee32b225fb1e,,Michelle,Nelson,provider.do140@example.com,Internal Medicine,provider,,,,,0,0,0,,No Requirements,0,22.0,100.0%,,,No,
ME-DO-864306,ME,DO,expired,2021-01-18,2022-02-05,-1383,12,2f7061a1-7340-424a-81ea-68ce07c3f2a4,,Timothy,Payne,provider.do139@example.com,Psychiatry,provider,,,,,0,0,0,,No Requirements,0,21.0,100.0%,,,No,
ME-MD-504107,ME,MD,expired,2023-06-10,2025-03-05,-259,36,9160f9fc-26ff-4742-b0cd-dc60366ac433,,Keith,Owens,provider.md138@example.com,Urology,provider,,,,,0,0,0,,No Requirements,0,36.0,100.0%,,,No,
ME-MD-521724,ME,MD,expired,2023-09-21,2024-10-06,-409,12,4c702e77-fe69-4d84-bda2-0f08849c9902,,Christopher,Page,provider.md136@example.com,Surgery,provider,,,,,0,0,0,,No Requirements,0,10.0,100.0%,,,No,
ME-MD-752117,ME,MD,expired,2023-04-17,2024-05-02,-566,24,5edfc77a-a1c4-4879-8a6a-e41da2fd3eb5,,Deborah,Cole,provider.md137@example.com,Obstetrics and Gynecology,provider,,,,,0,0,0,,No Requirements,0,33.0,100.0%,,,No,
MI-MD-304819,MI,MD,expired,2021-10-03,2023-04-13,-951,12,6e384517-fab7-4bba-b003-e892fc7ea519,,Dawn,Wiggins,provider.md141@example.com,Family Medicine,provider,,,,,0,0,0,,No Requirements,0,12.0,100.0%,,,No,
MI-MD-321348,MI,MD,expired,2022-12-30,2024-05-05,-563,24,9e479d4d-dc84-47f7-a074-cfd2495197b6,,Joy,Knapp,provider.md145@example.com,Gastroenterology,provider,,,,,0,0,0,,No Requirements,0,33.0,100.0%,,,No,
MI-MD-369581,MI,MD,expired,2023-03-26,2025-03-25,-239,12,4d0fe09f-67e5-4e2c-a158-0fc2af1fa965,,Sean,Jones,provider.md144@example.com,Family Medicine,provider,,,,,0,0,0,,No Requirements,0,23.0,100.0%,,,No,
MI-MD-836584,MI,MD,expired,2021-09-03,2023-03-03,-992,12,7f0bb341-e5d8-43cd-b058-fe76d5b8182e,,Natalie,Shields,provider.md142@example.com,Family Medicine,provider,,,,,0,0,0,,No Requirements,0,42.0,100.0%,,,No,
MI-MD-850731,MI,MD,expired,2022-09-25,2024-07-08,-499,36,bf7513be-c0d3-47af-9d92-26776f96af47,,John,Smith,provider.md143@example.com,Emergency Medicine,provider,,,,,0,0,0,,No Requirements,0,35.0,100.0%,,,No,
MN-DO-867188,MN,DO,expired,2023-07-24,2025-05-25,-178,36,80aaf3c0-0260-48f9-b1b4-a1e5fd95965a,,Jennifer,Anderson,provider.do149@example.com,Surgery,provider,,,,,0,0,0,,No Requirements,0,26.0,100.0%,,,No,
MN-MD-152168,MN,MD,expired,2022-12-17,2024-05-22,-546,12,84c6e8a4-0e5b-41f5-b572-0d6cdc185bf7,,Pamela,Vaughn,provider.md147@example.com,Pediatrics,provider,,,,,0,0,0,,No Requirements,0,26.0,100.0%,,,No,
MN-MD-510502,MN,MD,expired,2024-07-11,2025-08-26,-85,24,e3d9a17a-b453-4c76-b2f2-dbe10eeea69c,,Brittany,Harris,provider.md148@example.com,Obstetrics and Gynecology,provider,,,,,0,0,0,,No Requirements,0,32.0,100.0%,,,No,
MN-MD-590434,MN,MD,expired,2021-04-14,2023-03-05,-990,36,babe9ff0-96a3-4757-ac1c-d92995dfa011,,Charles,Lara,provider.md150@example.com,Obstetrics and Gynecology,provider,,,,,0,0,0,,No Requirements,0,18.0,100.0%,,,No,
MN-MD-644604,MN,MD,expired,2021-06-23,2022-08-05,-1202,36,7691ca1b-314f-44ab-8775-1ac366b40d53,,Michael,Glass,provider.md146@example.com,Psychiatry,provider,,,,,0,0,0,,No Requirements,0,14.0,100.0%,,,No,
MO-MD-434576,MO,MD,inactive,2024-03-27,2025-12-05,16,36,cb3d3d1a-949c-4d16-b30c-7960ee511b77,,Timothy,Pitts,provider.md153@example.com,Ophthalmology,provider,,,,,0,0,0,,No Requirements,0,21.0,100.0%,,,No,
MO-MD-600427,MO,MD,expired,2022-03-25,2023-04-07,-957,24,5077802f-66f0-4be0-a676-6ec66d837a0f,,Katherine,Bush,provider.md154@example.com,Anesthesiology,provider,,,,,0,0,0,,No Requirements,0,21.0,100.0%,,,No,
MO-MD-661027,MO,MD,expired,2021-10-02,2022-11-16,-1099,12,71b7374a-23b7-4916-bf5e-b776c5c0bdfd,,Joseph,Hudson,provider.md152@example.com,Emergency Medicine,provider,,,,,0,0,0,,No Requirements,0,36.0,100.0%,,,No,
MO-MD-691781,MO,MD,expired,2024-04-30,2025-08-14,-97,36,f90915fa-0451-4fa3-af9c-bdb1519e706f,,Amanda,Peterson,provider.md151@example.com,Radiology,provider,,,,,0,0,0,,No Requirements,0,25.0,100.0%,,,No,
MO-MD-960723,MO,MD,active,2024-08-30,2026-01-04,46,12,8880eec3-2dcb-42e6-94df-a9d5e22832c5,,Sarah,Gordon,provider.md155@example.com,Gastroenterology,provider,,,,,0,0,0,,No Requirements,0,13.0,100.0%,,,No,
MS-DO-278779,MS,DO,expired,2023-05-25,2025-04-04,-229,24,3acc9d5f-987f-4787-8674-e7c7067bcec0,,Andrew,Morgan,provider.do160@example.com,Emergency Medicine,provider,,,,,0,0,0,,No Requirements,0,19.0,100.0%,,,No,
MS-DO-310347,MS,DO,expired,2023-01-29,2024-06-27,-510,36,c025458f-bfa0-4b69-a168-804e5346416c,,Amy,Braun,provider.do156@example.com,Dermatology,provider,,,,,0,0,0,,No Requirements,0,34.0,100.0%,,,No,
MS-DO-928012,MS,DO,expired,2021-07-23,2023-03-25,-970,36,a324347a-2167-40d7-8308-6641673ef8bd,,Cory,Wilson,provider.do157@example.com,Ophthalmology,provider,,,,,0,0,0,,No Requirements,0,11.0,100.0%,,,No,
MS-MD-755999,MS,MD,expired,2022-05-13,2023-08-10,-832,24,99ca5eb4-ab9a-4853-a86f-1199fe509ab4,,Wanda,Martinez,provider.md158@example.com,Urology,provider,,,,,0,0,0,,No Requirements,0,26.0,100.0%,,,No,
MS-MD-894541,MS,MD,active,2024-06-11,2026-01-31,73,36,9e4d5b4b-a061-45e3-b410-05e3640373d7,,Jason,Reed,provider.md159@example.com,Emergency Medicine,provider,,,,,0,0,0,,No Requirements,0,37.0,100.0%,,,No,
MT-DO-172161,MT,DO,expired,2022-11-28,2023-12-26,-694,36,01c77bbd-ff0b-4d06-8934-efc10e6bbbf2,,Eric,Sanchez,provider.do162@example.com,Ophthalmology,provider,,,,,0,0,0,,No Requirements,0,21.0,100.0%,,,No,
MT-DO-452737,MT,DO,expired,2023-03-20,2024-09-19,-426,12,1ecf4e7d-ed99-4b30-84a3-16af68e7f14d,,Timothy,Henderson,provider.do163@example.com,Orthopedics,provider,,,,,0,0,0,,No Requirements,0,36.0,100.0%,,,No,
MT-MD-475555,MT,MD,expired,2022-01-28,2023-03-23,-972,12,aa0f676f-b964-41bd-8344-06080cda658c,,Eric,Hunt,provider.md161@example.com,Orthopedics,provider,,,,,0,0,0,,No Requirements,0,26.0,100.0%,,,No,
MT-MD-475651,MT,MD,expired,2024-07-06,2025-10-27,-23,12,c47f5182-f304-4b71-b4af-969915c58b2c,,David,Parker,provider.md165@example.com,Internal Medicine,provider,,,,,0,0,0,,No Requirements,0,10.0,100.0%,,,No,
MT-MD-606065,MT,MD,expired,2023-04-07,2025-01-02,-321,36,b2caddce-57fe-4de1-b468-28dbcf3d55df,,Jessica,Bishop,provider.md164@example.com,Emergency Medicine,provider,,,,,0,0,0,,No Requirements,0,26.0,100.0%,,,No,
NC-DO-929618,NC,DO,expired,2023-07-30,2024-11-23,-361,24,e3cd95c0-bc6e-43ed-bfff-2db09fcb872f,,Jonathan,Montgomery,provider.do168@example.com,Internal Medicine,provider,,,,,0,0,0,,No Requirements,0,34.0,100.0%,,,No,
NC-MD-147605,NC,MD,expired,2023-01-25,2024-03-07,-622,12,1dd0845f-570d-4891-b4c2-f4fbe8620b83,,Benjamin,Shelton,provider.md167@example.com,Emergency Medicine,provider,,,,,0,0,0,,No Requirements,0,18.0,100.0%,,,No,
NC-MD-256796,NC,MD,expired,2022-08-09,2024-05-05,-563,36,ea76573a-4b04-4079-b9a5-a9acede98dce,,Sean,Hardin,provider.md169@example.com,Obstetrics and Gynecology,provider,,,,,0,0,0,,No Requirements,0,33.0,100.0%,,,No,
NC-MD-427611,NC,MD,expired,2023-08-16,2024-10-25,-390,12,a1f04c23-af7d-4d78-aa85-1451b0c00d91,,Donna,Williams,provider.md170@example.com,Obstetrics and Gynecology,provider,,,,,0,0,0,,No Requirements,0,44.0,100.0%,,,No,
NC-MD-930652,NC,MD,expired,2022-07-16,2023-09-16,-795,12,9c7374d4-e059-403e-9248-132082b5c0d7,,Denise,Vega,provider.md166@example.com,Pediatrics,provider,,,,,0,0,0,,No Requirements,0,10.0,100.0%,,,No,
ND-MD-274187,ND,MD,expired,2022-12-11,2024-02-26,-632,24,af79b63d-0001-43e7-acbd-120209282f8b,,Kelly,Castillo,provider.md174@example.com,Neurology,provider,,,,,0,0,0,,No Requirements,0,31.0,100.0%,,,No,
ND-MD-282129,ND,MD,expired,2023-03-28,2024-08-21,-455,24,cf1c1d18-b169-45fd-95d8-97908a4bd521,,Daniel,Thomas,provider.md171@example.com,Obstetrics and Gynecology,provider,,,,,0,0,0,,No Requirements,0,51.0,100.0%,,,No,
ND-MD-674931,ND,MD,expired,2021-12-28,2023-04-30,-934,12,82254287-e43d-4902-8804-70b2ad0e8955,,Abigail,Williams,provider.md172@example.com,Orthopedics,provider,,,,,0,0,0,,No Requirements,0,34.0,100.0%,,,No,
ND-MD-700413,ND,MD,expired,2022-05-10,2023-10-09,-772,12,a30a3118-6b3e-4825-b38f-418c0d9a3a46,,Sharon,Johnson,provider.md173@example.com,Emergency Medicine,provider,,,,,0,0,0,,No Requirements,0,15.0,100.0%,,,No,
ND-MD-702747,ND,MD,expired,2024-03-21,2025-09-06,-74,24,fefbcc5c-e977-497b-9064-9f92e6b7806b,,Mark,Woods,provider.md175@example.com,Cardiology,provider,,,,,0,0,0,,No Requirements,0,21.0,100.0%,,,No,
NE-DO-891020,NE,DO,expired,2022-03-10,2023-04-26,-938,36,82e7dd9d-49f0-48d0-800b-27ffa30a1370,,Keith,Duran,provider.do179@example.com,Orthopedics,provider,,,,,0,0,0,,No Requirements,0,24.0,100.0%,,,No,
NE-MD-227905,NE,MD,expired,2021-09-20,2023-05-15,-919,36,0bd1e0ba-b5b2-4644-a6ce-fa91654b501c,,Michael,Garza,provider.md176@example.com,Dermatology,provider,,,,,0,0,0,,No Requirements,0,27.0,100.0%,,,No,
NE-MD-545640,NE,MD,active,2024-09-16,2026-08-13,267,12,f735a780-6ae4-456b-9a25-cb265b8bc1a3,,Steve,Daniels,provider.md178@example.com,Internal Medicine,provider,,,,,0,0,0,,No Requirements,0,7.0,100.0%,,,No,
NE-MD-644426,NE,MD,expired,2023-11-18,2025-05-14,-189,12,4cb40aa7-3480-46c0-88bc-1248b71bb9c7,,Colleen,Joyce,provider.md177@example.com,Anesthesiology,provider,,,,,0,0,0,,No Requirements,0,14.0,100.0%,,,No,
NE-MD-830979,NE,MD,expired,2023-05-01,2025-04-10,-223,36,386ee01d-71c9-4db5-8f5e-b0fe4d983427,,Patricia,Harris,provider.md180@example.com,Ophthalmology,provider,,,,,0,0,0,,No Requirements,0,35.0,100.0%,,,No,
NH-MD-187951,NH,MD,expired,2022-07-13,2023-12-19,-701,12,bf5ac023-5a1b-48b2-bf24-284eb5f79ea6,,Rebecca,Cross,provider.md183@example.com,Pediatrics,provider,,,,,0,0,0,,No Requirements,0,28.0,100.0%,,,No,
NH-MD-355304,NH,MD,expired,2022-04-02,2023-06-05,-898,12,e4208b68-6f37-458b-a78e-63e421cc4332,,Jason,Bell,provider.md182@example.com,Orthopedics,provider,,,,,0,0,0,,No Requirements,0,45.0,100.0%,,,No,
NH-MD-484276,NH,MD,expired,2022-05-16,2023-12-27,-693,36,2dcb45d9-9907-4cd7-bd80-9a8a56eebc6d,,Ebony,Odom,provider.md184@example.com,Emergency Medicine,provider,,,,,0,0,0,,No Requirements,0,6.0,100.0%,,,No,
NH-MD-519451,NH,MD,expired,2021-02-02,2022-08-21,-1186,12,5457eba3-d4cd-4cf0-8077-f15ec22fc8f3,,Nicholas,Rush,provider.md181@example.com,Urology,provider,,,,,0,0,0,,No Requirements,0,16.0,100.0%,,,No,
NH-MD-982477,NH,MD,expired,2022-11-08,2024-01-30,-659,36,d9701424-8211-445c-8af6-2c7993801b89,,Jeremy,Ellison,provider.md185@example.com,Family Medicine,provider,,,,,0,0,0,,No Requirements,0,30.0,100.0%,,,No,
NJ-MD-116054,NJ,MD,expired,2024-01-25,2025-03-26,-238,24,ed48d12e-241f-494f-b7de-5359ad946dd4,,Samantha,Thompson,provider.md189@example.com,Family Medicine,provider,,,,,0,0,0,,No Requirements,0,32.0,100.0%,,,No,
NJ-MD-204783,NJ,MD,expired,2021-01-21,2022-10-16,-1130,36,344b9e7b-fbb5-4ca6-a7ea-483832419397,,Robert,Gonzalez,provider.md186@example.com,Pediatrics,provider,,,,,0,0,0,,No Requirements,0,13.0,100.0%,,,No,
NJ-MD-449094,NJ,MD,expired,2022-05-28,2023-07-28,-845,12,1de9a773-d781-450f-9679-4fe706b0ad9d,,Mark,Page,provider.md190@example.com,Neurology,provider,,,,,0,0,0,,No Requirements,0,32.0,100.0%,,,No,
NJ-MD-633813,NJ,MD,expired,2021-03-01,2022-10-24,-1122,12,269edb7b-a392-48ea-a7a7-0d6a766cbc0d,,Isaac,Rosales,provider.md188@example.com,Family Medicine,provider,,,,,0,0,0,,No Requirements,0,54.0,100.0%,,,No,
NJ-MD-850166,NJ,MD,expired,2023-03-27,2025-01-31,-292,24,aaed16c2-a1c9-44ff-b411-92c010ed1b54,,Brian,Rhodes,provider.md187@example.com,Family Medicine,provider,,,,,0,0,0,,No Requirements,0,14.0,100.0%,,,No,
NM-MD-111520,NM,MD,expired,2023-09-01,2024-11-06,-378,12,648dd429-6514-48d3-a202-93dcabe4e86f,,Jennifer,Price,provider.md195@example.com,Anesthesiology,provider,,,,,0,0,0,,No Requirements,0,11.0,100.0%,,,No,
NM-MD-145380,NM,MD,expired,2022-11-07,2024-05-04,-564,36,4aa67221-950f-401b-92c9-8e7441df4ac1,,George,Larson,provider.md191@example.com,Neurology,provider,,,,,0,0,0,,No Requirements,0,22.0,100.0%,,,No,
NM-MD-285619,NM,MD,expired,2023-01-14,2024-10-01,-414,36,6e50de63-b95e-4c25-9a79-060be873d410,,Teresa,Harmon,provider.md194@example.com,Gastroenterology,provider,,,,,0,0,0,,No Requirements,0,21.0,100.0%,,,No,
NM-MD-359307,NM,MD,expired,2020-12-30,2022-06-14,-1254,12,974ae33b-f3f7-4401-921d-a4695f885288,,Susan,Perry,provider.md193@example.com,Internal Medicine,provider,,,,,0,0,0,,No Requirements,0,27.0,100.0%,,,No,
NM-MD-518336,NM,MD,expired,2023-12-13,2025-08-18,-93,12,2308643e-b9fa-494f-a8d5-ae2d26d1bf1d,,Tanya,Marsh,provider.md192@example.com,Orthopedics,provider,,,,,0,0,0,,No Requirements,0,30.0,100.0%,,,No,
NV-MD-569701,NV,MD,expired,2023-11-21,2025-02-27,-265,36,4e8b747c-eba7-4790-b3be-4692e90d732e,,Michelle,Dixon,provider.md196@example.com,Psychiatry,provider,,,,,0,0,0,,No Requirements,0,37.0,100.0%,,,No,
NV-MD-589144,NV,MD,expired,2021-10-18,2023-05-15,-919,24,8edc1a6a-a24f-47de-a685-faee8e646cc6,,Gloria,Rogers,provider.md200@example.com,Anesthesiology,provider,,,,,0,0,0,,No Requirements,0,32.0,100.0%,,,No,
NV-MD-712425,NV,MD,expired,2022-04-27,2023-09-15,-796,12,35d95946-6b66-43cc-bdbf-9df93636da99,,Erica,Bates,provider.md199@example.com,Dermatology,provider,,,,,0,0,0,,No Requirements,0,6.0,100.0%,,,No,
NV-MD-793523,NV,MD,expired,2022-03-07,2023-09-19,-792,12,250b7f06-dd2a-4af3-97ac-8374e07fab42,,Laura,Rice,provider.md198@example.com,Anesthesiology,provider,,,,,0,0,0,,No Requirements,0,24.0,100.0%,,,No,
NV-MD-857449,NV,MD,expired,2024-03-25,2025-08-03,-108,24,27cc3a97-6c25-4a5c-bb38-3aaa7798d916,,Justin,Lee,provider.md197@example.com,Ophthalmology,provider,,,,,0,0,0,,No Requirements,0,40.0,100.0%,,,No,
NY-DO-285975,NY,DO,expired,2023-05-18,2024-10-23,-392,12,be6a6f1e-1f98-46c7-9a6f-e241aa8e0472,,Joshua,Mullen,provider.do204@example.com,Emergency Medicine,provider,,,,,0,0,0,,No Requirements,0,37.0,100.0%,,,No,
NY-MD-354842,NY,MD,expired,2023-01-25,2024-11-07,-377,12,939db677-a836-45c6-91b6-490e6b786275,,Brian,Thomas,provider.md203@example.com,Ophthalmology,provider,,,,,0,0,0,,No Requirements,0,23.0,100.0%,,,No,
NY-MD-368181,NY,MD,expired,2024-08-16,2025-09-23,-57,36,f4424cf5-cae2-4bea-a4b4-b7fea85e6ca2,,Erika,Schmidt,provider.md201@example.com,Urology,provider,,,,,0,0,0,,No Requirements,0,10.0,100.0%,,,No,
NY-MD-559214,NY,MD,expired,2022-09-04,2024-01-24,-665,36,d1aa5e39-a667-4f8b-b598-d62415080b5d,,Joy,Morales,provider.md202@example.com,Psychiatry,provider,,,,,0,0,0,,No Requirements,0,27.0,100.0%,,,No,
NY-MD-988083,NY,MD,expired,2022-06-19,2023-08-10,-832,36,c1a3c790-a3bf-469c-bfd2-35b5ac1efbdd,,Ann,Brown,provider.md205@example.com,Cardiology,provider,,,,,0,0,0,,No Requirements,0,19.0,100.0%,,,No,
OH-DO-145793,OH,DO,inactive,2024-09-26,2025-12-13,24,12,cf807980-30f4-435c-b5df-e70cf055974e,,Joshua,Young,provider.do209@example.com,Family Medicine,provider,,,,,0,0,0,,No Requirements,0,10.0,100.0%,,,No,
OH-DO-346849,OH,DO,expired,2022-01-12,2023-06-14,-889,24,fa8ab335-1050-452c-bc89-3074db9fdae4,,Mason,Kim,provider.do210@example.com,Orthopedics,provider,,,,,0,0,0,,No Requirements,0,37.0,100.0%,,,No,
OH-MD-494574,OH,MD,expired,2023-09-13,2025-05-29,-174,12,22b4f8c3-0bde-4c27-9c1c-07a92688e129,,Alexander,Mathis,provider.md207@example.com,Obstetrics and Gynecology,provider,,,,,0,0,0,,No Requirements,0,22.0,100.0%,,,No,
OH-MD-656735,OH,MD,expired,2023-11-05,2025-08-31,-80,24,5c6e8b88-7e90-498d-8427-68601a422066,,Anthony,Johnson,provider.md206@example.com,Radiology,provider,,,,,0,0,0,,No Requirements,0,49.0,100.0%,,,No,
OH-MD-853445,OH,MD,expired,2022-10-10,2023-10-18,-763,36,a77266a5-0796-40f6-af6a-d8e175331637,,Logan,Russell,provider.md208@example.com,Emergency Medicine,provider,,,,,0,0,0,,No Requirements,0,30.0,100.0%,,,No,
OK-MD-292404,OK,MD,expired,2022-08-16,2024-03-05,-624,12,b508501e-4648-40b1-b418-65a0c74b654c,,Jonathan,Herring,provider.md215@example.com,Emergency Medicine,provider,,,,,0,0,0,,No Requirements,0,33.0,100.0%,,,No,
OK-MD-452529,OK,MD,expired,2024-06-01,2025-07-10,-132,12,6f27a95e-317f-4d92-b814-4565e48fc08c,,Andrea,Lowe,provider.md214@example.com,Orthopedics,provider,,,,,0,0,0,,No Requirements,0,39.0,100.0%,,,No,
OK-MD-581434,OK,MD,expired,2021-07-10,2023-06-14,-889,12,baa18d5c-77e4-4c07-a0d1-1f342128eddd,,Jennifer,Williams,provider.md213@example.com,Internal Medicine,provider,,,,,0,0,0,,No Requirements,0,23.0,100.0%,,,No,
OK-MD-796085,OK,MD,expired,2022-04-21,2023-10-01,-780,12,621f6818-5214-444f-a9ee-4b6fb0a6323e,,Katelyn,Evans,provider.md211@example.com,Internal Medicine,provider,,,,,0,0,0,,No Requirements,0,17.0,100.0%,,,No,
OK-MD-798878,OK,MD,expired,2022-04-09,2024-02-03,-655,36,8c2c1d8c-fbf7-41d2-8ff5-5372f7a38364,,Barbara,Garcia,provider.md212@example.com,Psychiatry,provider,,,,,0,0,0,,No Requirements,0,12.0,100.0%,,,No,
OR-DO-231143,OR,DO,expired,2022-05-26,2023-10-31,-750,36,af34aa72-caf8-4282-9929-4065d817f0f6,,Jerry,Thomas,provider.do216@example.com,Pediatrics,provider,,,,,0,0,0,,No Requirements,0,30.0,100.0%,,,No,
OR-MD-325852,OR,MD,expired,2022-05-27,2023-10-01,-780,24,b97594c6-30f2-4edd-9eb7-968338986e24,,Pamela,Dunn,provider.md219@example.com,Internal Medicine,provider,,,,,0,0,0,,No Requirements,0,7.0,100.0%,,,No,
OR-MD-540467,OR,MD,expired,2021-06-28,2022-11-06,-1109,36,2219484b-b738-43f2-9929-3a91ddd9c7ef,,Amy,Atkins,provider.md217@example.com,Urology,provider,,,,,0,0,0,,No Requirements,0,15.0,100.0%,,,No,
OR-MD-785730,OR,MD,expired,2023-02-12,2024-07-20,-487,12,c332f4a6-a19a-4ce2-bd4d-e6baff539180,,Kimberly,Lara,provider.md220@example.com,Family Medicine,provider,,,,,0,0,0,,No Requirements,0,39.0,100.0%,,,No,
OR-MD-844923,OR,MD,active,2024-09-11,2026-08-04,258,12,90f0b70a-82cb-4acf-a49f-f7d9c21cc28f,,Ashley,Branch,provider.md218@example.com,Cardiology,provider,,,,,0,0,0,,No Requirements,0,39.0,100.0%,,,No,
PA-DO-208946,PA,DO,active,2024-06-16,2026-06-01,194,36,ea33a21e-dbee-4ab8-b434-bfc99a68311f,,Kyle,Williams,provider.do222@example.com,Orthopedics,provider,,,,,0,0,0,,No Requirements,0,26.0,100.0%,,,No,
PA-DO-925421,PA,DO,expired,2023-02-27,2024-03-03,-626,12,0d88dfcc-c2c5-4610-96f6-775e059ba76b,,William,Chaney,provider.do223@example.com,Neurology,provider,,,,,0,0,0,,No Requirements,0,13.0,100.0%,,,No,
PA-MD-780036,PA,MD,expired,2022-07-20,2023-08-16,-826,36,e85c9a4e-8142-48b3-aac3-2c8ca3674f2a,,Joshua,Ortega,provider.md224@example.com,Anesthesiology,provider,,,,,0,0,0,,No Requirements,0,7.0,100.0%,,,No,
PA-MD-780735,PA,MD,expired,2021-06-13,2022-09-10,-1166,12,a8452802-f48d-42c3-88bc-39d5a5c06345,,Johnny,Stevenson,provider.md221@example.com,Psychiatry,provider,,,,,0,0,0,,No Requirements,0,38.0,100.0%,,,No,
PA-MD-833016,PA,MD,expired,2022-07-18,2024-07-02,-505,36,1ffc8b54-415e-4e91-b865-b32bf6cf259c,,Rebecca,Potter,provider.md225@example.com,Neurology,provider,,,,,0,0,0,,No Requirements,0,32.0,100.0%,,,No,
RI-MD-305530,RI,MD,expired,2023-03-26,2024-09-07,-438,36,042de996-9dc0-4ed6-a6b6-3aef81e4366e,,Christopher,Moore,provider.md229@example.com,Dermatology,provider,,,,,0,0,0,,No Requirements,0,36.0,100.0%,,,No,
RI-MD-622899,RI,MD,expired,2020-12-14,2022-08-01,-1206,24,cd09b73f-1ad7-4ff6-8680-5597a4bde26e,,Nicole,Myers,provider.md230@example.com,Neurology,provider,,,,,0,0,0,,No Requirements,0,33.0,100.0%,,,No,
RI-MD-774287,RI,MD,active,2024-10-09,2026-09-27,312,36,52f10ed5-b736-46b3-96a5-237c9c8b0ade,,Jody,Ryan,provider.md226@example.com,Obstetrics and Gynecology,provider,,,,,0,0,0,,No Requirements,0,33.0,100.0%,,,No,
RI-MD-894561,RI,MD,expired,2024-05-18,2025-10-06,-44,24,a40709ad-c199-4a9f-b64c-410d1c825467,,Robert,Heath,provider.md227@example.com,Surgery,provider,,,,,0,0,0,,No Requirements,0,9.0,100.0%,,,No,
RI-MD-960559,RI,MD,expired,2023-04-04,2024-06-08,-529,24,b516ca5f-3544-458f-8d83-3e75954e615a,,Danielle,Hughes,provider.md228@example.com,Pediatrics,provider,,,,,0,0,0,,No Requirements,0,24.0,100.0%,,,No,
SC-DO-940749,SC,DO,expired,2022-01-10,2023-02-04,-1019,24,c67455f7-eca7-48e9-a1cb-129a63f49fdd,,Zachary,Simon,provider.do234@example.com,Radiology,provider,,,,,0,0,0,,No Requirements,0,39.0,100.0%,,,No,
SC-MD-498598,SC,MD,expired,2021-07-22,2022-09-30,-1146,12,37ee19f2-0996-4bef-96e1-1987b69a4389,,Douglas,Oliver,provider.md235@example.com,Anesthesiology,provider,,,,,0,0,0,,No Requirements,0,27.0,100.0%,,,No,
SC-MD-589873,SC,MD,expired,2022-01-17,2023-06-30,-873,12,13b8e9ab-58af-42e2-9b90-3950f2e60cdc,,Gina,King,provider.md231@example.com,Pediatrics,provider,,,,,0,0,0,,No Requirements,0,16.0,100.0%,,,No,
SC-MD-829146,SC,MD,expired,2023-04-28,2024-11-18,-366,36,c38f6757-9977-4d88-94f4-2817f4efac01,,Beverly,Short,provider.md232@example.com,Obstetrics and Gynecology,provider,,,,,0,0,0,,No Requirements,0,37.0,100.0%,,,No,
SC-MD-863503,SC,MD,expired,2023-08-25,2024-10-26,-389,12,187ab368-5337-4b9f-b769-751709db5baa,,Julie,Patel,provider.md233@example.com,Family Medicine,provider,,,,,0,0,0,,No Requirements,0,17.0,100.0%,,,No,
SD-DO-876898,SD,DO,expired,2023-12-04,2025-01-27,-296,24,ec8cb5af-d86b-4567-a839-b384d7aa2855,,Alyssa,Butler,provider.do237@example.com,Internal Medicine,provider,,,,,0,0,0,,No Requirements,0,35.0,100.0%,,,No,
SD-MD-484285,SD,MD,expired,2021-04-18,2022-10-05,-1141,24,098c6a73-b315-4785-9808-2188cab482a9,,Molly,Martinez,provider.md239@example.com,Psychiatry,provider,,,,,0,0,0,,No Requirements,0,14.0,100.0%,,,No,
SD-MD-564647,SD,MD,active,2024-09-23,2026-08-16,270,12,6924eb63-85e4-470a-95b7-bf21818cf174,,Christopher,Howard,provider.md240@example.com,Gastroenterology,provider,,,,,0,0,0,,No Requirements,0,37.0,100.0%,,,No,
SD-MD-771164,SD,MD,expired,2021-04-15,2023-03-20,-975,24,c7817a37-0768-44e1-ac46-3c57a774daae,,Brian,Norman,provider.md236@example.com,Anesthesiology,provider,,,,,0,0,0,,No Requirements,0,6.0,100.0%,,,No,
SD-MD-975603,SD,MD,expired,2023-07-31,2025-02-11,-281,36,c7c742d7-e3da-42b2-864f-4bd79cf4045c,,Sara,Green,provider.md238@example.com,Anesthesiology,provider,,,,,0,0,0,,No Requirements,0,41.0,100.0%,,,No,
TN-MD-197731,TN,MD,expired,2021-09-05,2023-02-13,-1010,24,27db8f68-78d2-41b3-80b2-0e9abe5dea53,,John,Ruiz,provider.md243@example.com,Radiology,provider,,,,,0,0,0,,No Requirements,0,33.0,100.0%,,,No,
TN-MD-340730,TN,MD,expired,2023-09-12,2025-03-12,-252,24,4687eb9f-426f-4eb7-83ac-b4a2c669d23f,,Shirley,Guerra,provider.md244@example.com,Dermatology,provider,,,,,0,0,0,,No Requirements,0,38.0,100.0%,,,No,
TN-MD-507464,TN,MD,expired,2022-02-28,2023-10-13,-768,36,9aaee813-4b53-4153-a3ee-56c331e3ea22,,Caitlin,Williams,provider.md241@example.com,Cardiology,provider,,,,,0,0,0,,No Requirements,0,7.0,100.0%,,,No,
TN-MD-607795,TN,MD,active,2024-07-11,2026-01-07,49,36,24a6629b-a007-4fbb-b46e-cf9479b714c2,,Joe,Powers,provider.md242@example.com,Dermatology,provider,,,,,0,0,0,,No Requirements,0,25.0,100.0%,,,No,
TN-MD-816841,TN,MD,expired,2023-11-02,2025-01-31,-292,12,d6369e4f-4f0a-4c8f-9496-2a20d6cb380d,,Christina,Cherry,provider.md245@example.com,Urology,provider,,,,,0,0,0,,No Requirements,0,37.0,100.0%,,,No,
TX-DO-161573,TX,DO,expired,2021-02-16,2022-10-04,-1142,24,cfdf5d0c-9f7d-48d9-bc3f-faa050256e75,,Greg,Bernard,provider.do246@example.com,Ophthalmology,provider,,,,,0,0,0,,No Requirements,0,44.0,100.0%,,,No,
TX-MD-355304,TX,MD,expired,2022-03-16,2023-12-21,-699,12,4ea78ec3-32b0-46ca-9205-daa1e2974822,,Maria,Hughes,provider.md249@example.com,Dermatology,provider,,,,,0,0,0,,No Requirements,0,29.0,100.0%,,,No,
TX-MD-389631,TX,MD,expired,2021-01-04,2022-06-08,-1260,12,9307f83a-0b57-45ad-be76-1647b69a7c43,,Brandi,Ellis,provider.md248@example.com,Neurology,provider,,,,,0,0,0,,No Requirements,0,20.0,100.0%,,,No,
TX-MD-569969,TX,MD,expired,2021-06-09,2023-05-31,-903,12,b6a2311d-89c0-4900-8019-54c4e1e3b562,,Gail,Flowers,provider.md250@example.com,Cardiology,provider,,,,,0,0,0,,No Requirements,0,33.0,100.0%,,,No,
TX-MD-911941,TX,MD,expired,2022-01-10,2023-02-02,-1021,12,ee0689f5-1bef-44e0-9712-1de0eed43325,,Jennifer,Glass,provider.md247@example.com,Ophthalmology,provider,,,,,0,0,0,,No Requirements,0,11.0,100.0%,,,No,
UT-DO-599818,UT,DO,expired,2023-02-19,2024-09-14,-431,36,de202603-1989-4928-854a-f550a66ed51b,,Randy,Conner,provider.do255@example.com,Psychiatry,provider,,,,,0,0,0,,No Requirements,0,10.0,100.0%,,,No,
UT-MD-130941,UT,MD,expired,2021-12-17,2023-02-05,-1018,36,fecadc64-012c-429a-bc1a-adb053170b53,,Teresa,Davis,provider.md254@example.com,Internal Medicine,provider,,,,,0,0,0,,No Requirements,0,43.0,100.0%,,,No,
UT-MD-167450,UT,MD,expired,2021-05-06,2022-11-22,-1093,12,1d3f63a8-8abf-4112-8046-b7ddabda6df0,,Dean,Smith,provider.md252@example.com,Family Medicine,provider,,,,,0,0,0,,No Requirements,0,18.0,100.0%,,,No,
UT-MD-440877,UT,MD,expired,2022-12-20,2024-04-02,-596,12,f306bf55-fc36-4166-9afb-ce7057ee343b,,Miguel,Thompson,provider.md253@example.com,Gastroenterology,provider,,,,,0,0,0,,No Requirements,0,30.0,100.0%,,,No,
UT-MD-527520,UT,MD,expired,2021-10-25,2023-07-31,-842,24,5d8a83c3-ae97-4341-b55a-d9700df1bb57,,Michelle,Smith,provider.md251@example.com,Neurology,provider,,,,,0,0,0,,No Requirements,0,32.0,100.0%,,,No,
VA-DO-274487,VA,DO,expired,2022-03-05,2023-10-29,-752,36,0d0b6ee4-40ea-4e1f-86d4-e0462a48fb48,,Ryan,Ortega,provider.do258@example.com,Emergency Medicine,provider,,,,,0,0,0,,No Requirements,0,37.0,100.0%,,,No,
VA-DO-557144,VA,DO,expired,2021-12-08,2023-04-22,-942,36,f6394c53-70be-47a3-8dfe-900c4a461612,,Alexandria,Hensley,provider.do260@example.com,Family Medicine,provider,,,,,0,0,0,,No Requirements,0,45.0,100.0%,,,No,
VA-MD-247193,VA,MD,expired,2022-11-02,2024-07-28,-479,12,bcf1e6ab-0e49-406d-ac7b-e8d5bdf56d07,,Lawrence,Klein,provider.md256@example.com,Dermatology,provider,,,,,0,0,0,,No Requirements,0,34.0,100.0%,,,No,
VA-MD-824535,VA,MD,expired,2020-12-12,2022-01-18,-1401,36,d24889f6-f2f5-470b-956b-03c1048399c2,,Elizabeth,Scott,provider.md257@example.com,Pediatrics,provider,,,,,0,0,0,,No Requirements,0,9.0,100.0%,,,No,
VA-MD-911784,VA,MD,expired,2023-08-07,2025-01-31,-292,24,3255b602-e764-45a4-bd76-bf94db56cd80,,Kyle,Hill,provider.md259@example.com,Emergency Medicine,provider,,,,,0,0,0,,No Requirements,0,16.0,100.0%,,,No,
VT-DO-285050,VT,DO,active,2024-07-24,2026-01-11,53,12,170ffd11-b3e3-4ab6-8d99-7207c3a0968e,,Thomas,Scott,provider.do263@example.com,Obstetrics and Gynecology,provider,,,,,0,0,0,,No Requirements,0,5.0,100.0%,,,No,
VT-MD-239027,VT,MD,expired,2022-08-01,2023-11-08,-742,24,14547c4c-225c-4548-a713-9eda88a746d8,,Nicholas,Maldonado,provider.md262@example.com,Urology,provider,,,,,0,0,0,,No Requirements,0,47.0,100.0%,,,No,
VT-MD-245884,VT,MD,expired,2024-08-20,2025-10-18,-32,24,9cc746ed-a8e2-404b-9463-cbdd1a3e66e4,,Anthony,Wagner,provider.md261@example.com,Orthopedics,provider,,,,,0,0,0,,No Requirements,0,35.0,100.0%,,,No,
VT-MD-800910,VT,MD,expired,2023-09-07,2025-09-04,-76,24,f1227d67-6c2e-466a-b4da-d48b75e4f530,,Chris,Smith,provider.md264@example.com,Neurology,provider,,,,,0,0,0,,No Requirements,0,37.0,100.0%,,,No,
VT-MD-977251,VT,MD,expired,2023-08-23,2024-12-09,-345,24,dcc6e84a-3ce4-4001-ba0d-789db219e574,,Crystal,Moss,provider.md265@example.com,Ophthalmology,provider,,,,,0,0,0,,No Requirements,0,23.0,100.0%,,,No,
WA-DO-657348,WA,DO,expired,2023-01-26,2024-04-19,-579,24,6f34be6d-ded5-4f55-bdc2-c5758bf5e75e,,Edward,Ray,provider.do268@example.com,Pediatrics,provider,,,,,0,0,0,,No Requirements,0,3.0,100.0%,,,No,
WA-MD-416464,WA,MD,expired,2024-03-20,2025-11-11,-8,36,7d4db022-3de8-4e0a-b15c-7dc8e2d7d7ae,,Matthew,Mitchell,provider.md266@example.com,Neurology,provider,,,,,0,0,0,,No Requirements,0,26.0,100.0%,,,No,
WA-MD-450647,WA,MD,expired,2023-12-31,2025-04-06,-227,36,68058337-529a-4193-8d6f-350e705ab4eb,,William,Quinn,provider.md269@example.com,Dermatology,provider,,,,,0,0,0,,No Requirements,0,40.0,100.0%,,,No,
WA-MD-823644,WA,MD,expired,2023-12-01,2025-01-09,-314,24,210abcac-337a-40cb-b125-30f4418b0ce2,,Logan,Hunter,provider.md270@example.com,Radiology,provider,,,,,0,0,0,,No Requirements,0,34.0,100.0%,,,No,
WA-MD-895803,WA,MD,expired,2023-02-15,2024-03-05,-624,24,8d225292-3294-4069-88a7-b760e9f8c7c1,,Kayla,Williams,provider.md267@example.com,Cardiology,provider,,,,,0,0,0,,No Requirements,0,24.0,100.0%,,,No,
WI-DO-143655,WI,DO,active,2024-10-28,2026-09-14,299,36,f3b7d91f-5a48-461e-b445-1da2e455ac93,,Carla,Brooks,provider.do275@example.com,Gastroenterology,provider,,,,,0,0,0,,No Requirements,0,42.0,100.0%,,,No,
WI-MD-559765,WI,MD,expired,2021-11-18,2023-02-25,-998,36,2691b0b3-7a99-48ea-8cc0-eee702399d6c,,Amanda,Rodriguez,provider.md272@example.com,Ophthalmology,provider,,,,,0,0,0,,No Requirements,0,33.0,100.0%,,,No,
WI-MD-837584,WI,MD,expired,2023-10-15,2024-12-16,-338,36,9a488820-30ac-47cc-8106-3a44b5c179d2,,Terry,Klein,provider.md273@example.com,Cardiology,provider,,,,,0,0,0,,No Requirements,0,8.0,100.0%,,,No,
WI-MD-854002,WI,MD,expired,2021-03-05,2022-03-09,-1351,24,00915de7-5618-4463-88bf-96d1581215aa,,Michelle,Graham,provider.md271@example.com,Internal Medicine,provider,,,,,0,0,0,,No Requirements,0,31.0,100.0%,,,No,
WI-MD-922359,WI,MD,expired,2021-04-10,2022-10-09,-1137,12,f7661871-6106-45bf-bb55-b7d226ad3cfd,,Denise,Barton,provider.md274@example.com,Obstetrics and Gynecology,provider,,,,,0,0,0,,No Requirements,0,21.0,100.0%,,,No,
WV-DO-504185,WV,DO,expired,2022-02-09,2023-08-27,-815,24,76edc32a-238d-4055-96dd-d26b533286e5,,Roberto,Scott,provider.do276@example.com,Pediatrics,provider,,,,,0,0,0,,No Requirements,0,24.0,100.0%,,,No,
WV-MD-164926,WV,MD,expired,2024-04-11,2025-10-14,-36,24,2c8cd85e-5dcd-4a7d-96b3-a54fe5d648fb,,Monica,Howard,provider.md277@example.com,Internal Medicine,provider,,,,,0,0,0,,No Requirements,0,24.0,100.0%,,,No,
WV-MD-195443,WV,MD,expired,2022-10-22,2024-01-16,-673,12,bd48740a-f064-45c9-b969-68527287e0d5,,Brenda,Mcintyre,provider.md278@example.com,Psychiatry,provider,,,,,0,0,0,,No Requirements,0,47.0,100.0%,,,No,
WV-MD-484520,WV,MD,expired,2023-12-17,2025-10-19,-31,12,ca6c530a-d34a-4187-96b2-8e46589f3bab,,Richard,Garcia,provider.md279@example.com,Anesthesiology,provider,,,,,0,0,0,,No Requirements,0,9.0,100.0%,,,No,
WV-MD-894229,WV,MD,expired,2021-09-20,2023-08-25,-817,24,574ad654-e90c-4aba-a78c-c851d0af0059,,Michael,Petersen,provider.md280@example.com,Pediatrics,provider,,,,,0,0,0,,No Requirements,0,17.0,100.0%,,,No,
WY-DO-432346,WY,DO,expired,2022-04-22,2024-04-02,-596,12,ef53b8dc-a676-48a4-aaff-4a381ac6ea92,,Kelly,Gonzales,provider.do285@example.com,Dermatology,provider,,,,,0,0,0,,No Requirements,0,27.0,100.0%,,,No,
WY-MD-225095,WY,MD,expired,2022-11-24,2023-12-06,-714,12,966ce018-0661-4add-8cb5-b84eac478517,,Michael,Johnson,provider.md283@example.com,Radiology,provider,,,,,0,0,0,,No Requirements,0,32.0,100.0%,,,No,
WY-MD-231771,WY,MD,expired,2022-05-27,2023-08-20,-822,12,56de959a-97da-4db8-bbab-7e8a36b6f5d0,,Justin,Nelson,provider.md281@example.com,Family Medicine,provider,,,,,0,0,0,,No Requirements,0,34.0,100.0%,,,No,
WY-MD-732410,WY,MD,expired,2021-05-05,2022-12-02,-1083,36,161f0141-7e2a-46b6-8e4e-6f9d19d05954,,Troy,Vazquez,provider.md282@example.com,Dermatology,provider,,,,,0,0,0,,No Requirements,0,40.0,100.0%,,,No,
WY-MD-803680,WY,MD,expired,2021-06-04,2022-09-11,-1165,36,77431084-ba5d-4968-b3c0-dd229e180103,,Matthew,Hunt,provider.md284@example.com,Emergency Medicine,provider,,,,,0,0,0,,No Requirements,0,12.0,100.0%,,,No,
